,"Gridpack
moved","Prepid
created",,New names,event,Variations,,,,,,,,,,,
,,,DY,,,,Scores Legend:,,,,,,,,,,
,,,DYto2L-4Jets_MLL-4to10_TuneCP5_13p6TeV_madgraphMLM-pythia8,DYto2L-4Jets_Bin-MLL-4to10_TuneCP5_13p6TeV_madgraphMLM-pythia8,DY,,"4 : Clearly major background for most of the PAGs, for sure need to do ASAP",,,,,,,,,,
,,,DYto2L-4Jets_MLL-10to50_TuneCP5_13p6TeV_madgraphMLM-pythia8,DYto2L-4Jets_Bin-MLL-10to50_TuneCP5_13p6TeV_madgraphMLM-pythia8,DY,,"4 : Clearly major background for most of the PAGs, for sure need to do ASAP",,,,,,,,,,
,reuse above,O,,DYto2E-4Jets_Bin-MLL-10to50_TuneCP5_13p6TeV_madgraphMLM-pythia8,DY,,,,,,,,,,,,
,reuse above,O,,DYto2Mu-4Jets_Bin-MLL-10to50_TuneCP5_13p6TeV_madgraphMLM-pythia8,DY,,,,,,,,,,,,
,reuse above,O,,DYto2Tau-4Jets_Bin-MLL-10to50_TuneCP5_13p6TeV_madgraphMLM-pythia8,DY,,,,,,,,,,,,
,,,DYto2L-2Jets_MLL-4to10_TuneCP5_13p6TeV_amcatnloFXFX-pythia8,DYto2L-2Jets_Bin-MLL-4to10_TuneCP5_13p6TeV_amcatnloFXFX-pythia8,DY,,"3 : Clearly major background for most of the PAGs, for sure need to do, but needs some time to think about modeling of the MC samples ",,,,,,,,,,
,,,DYto2L-2Jets_MLL-10to50_TuneCP5_13p6TeV_amcatnloFXFX-pythia8,DYto2L-2Jets_Bin-MLL-10to50_TuneCP5_13p6TeV_amcatnloFXFX-pythia8,DY,,"3 : Clearly major background for most of the PAGs, for sure need to do, but needs some time to think about modeling of the MC samples ",,,,,,,,,,
,,,DYto2L-4Jets_MLL-50_TuneCP5_13p6TeV_madgraphMLM-pythia8,DYto2L-4Jets_Bin-MLL-50_TuneCP5_13p6TeV_madgraphMLM-pythia8,DY,,2 : Possible to do but needs some time to think about modeling of the MC samples (+ have other samples with different generator or binnings as alternatives in block 3 or 4) ,,,,,,,,,,
,reuse above,O,,DYto2E-4Jets_Bin-MLL-50_TuneCP5_13p6TeV_madgraphMLM-pythia8,DY,,,,,,,,,,,,
,reuse above,O,,DYto2Mu-4Jets_Bin-MLL-50_TuneCP5_13p6TeV_madgraphMLM-pythia8,DY,,,,,,,,,,,,
,reuse above,O,,DYto2Tau-4Jets_Bin-MLL-50_TuneCP5_13p6TeV_madgraphMLM-pythia8,DY,,,,,,,,,,,,
,O,,DYto2L-2Jets_MLL-50_TuneCP5_13p6TeV_amcatnloFXFX-pythia8,DYto2L-2Jets_Bin-MLL-50_TuneCP5_13p6TeV_amcatnloFXFX-pythia8,DY,,,,,,,,,,,,
,reuse above,O,,DYto2E-2Jets_Bin-MLL-50_TuneCP5_13p6TeV_amcatnloFXFX-pythia8,DY,,,https://cms-pdmv-prod.web.cern.ch/mcm/requests?prepid=GEN-RunIII2024Summer24wmLHEGS*&dataset_name=DYto2*-2Jets_Bin-MLL-50*&page=0&shown=127&limit=100,,,,,,,,,
,reuse above,O,,DYto2Mu-2Jets_Bin-MLL-50_TuneCP5_13p6TeV_amcatnloFXFX-pythia8,DY,,,,,,,,,,,,
,reuse above,O,,DYto2Tau-2Jets_Bin-MLL-50_TuneCP5_13p6TeV_amcatnloFXFX-pythia8,DY,,,,,,,,,,,,
,,,DYto2L-4Jets_MLL-50_0J_TuneCP5_13p6TeV_madgraphMLM-pythia8,DYto2L-4Jets_Bin-0J-MLL-50_TuneCP5_13p6TeV_madgraphMLM-pythia8,DY,,,,,,,,,,,,
,,,DYto2L-4Jets_MLL-50_1J_TuneCP5_13p6TeV_madgraphMLM-pythia8,DYto2L-4Jets_Bin-1J-MLL-50_TuneCP5_13p6TeV_madgraphMLM-pythia8,DY,,,,,,,,,,,,
,,,DYto2L-4Jets_MLL-50_2J_TuneCP5_13p6TeV_madgraphMLM-pythia8,DYto2L-4Jets_Bin-2J-MLL-50_TuneCP5_13p6TeV_madgraphMLM-pythia8,DY,,Preparation Status:,,,,,,,,,,
,,,DYto2L-4Jets_MLL-50_3J_TuneCP5_13p6TeV_madgraphMLM-pythia8,DYto2L-4Jets_Bin-3J-MLL-50_TuneCP5_13p6TeV_madgraphMLM-pythia8,DY,,null : Nothing yet,,,,,,,,,,
,,,DYto2L-4Jets_MLL-50_4J_TuneCP5_13p6TeV_madgraphMLM-pythia8,DYto2L-4Jets_Bin-4J-MLL-50_TuneCP5_13p6TeV_madgraphMLM-pythia8,DY,,gridpack : Initiated gridpack production,,,,,,,,,,
,O,,DYto2L-2Jets_MLL-50_0J_TuneCP5_13p6TeV_amcatnloFXFX-pythia8,DYto2L-2Jets_Bin-0J-MLL-50_TuneCP5_13p6TeV_amcatnloFXFX-pythia8,DY,,"validation : Gridpack done, awaiting McM validation",,,,,,,,,,
,reuse above,O,,DYto2E-2Jets_Bin-0J-MLL-50_TuneCP5_13p6TeV_amcatnloFXFX-pythia8,DY,,,https://cms-pdmv-prod.web.cern.ch/mcm/requests?prepid=GEN-RunIII2024Summer24wmLHEGS*&dataset_name=DYto2*-2Jets_Bin-0J-MLL-50*&page=0&shown=127&limit=100,,,,,,,,,
,reuse above,O,,DYto2Mu-2Jets_Bin-0J-MLL-50_TuneCP5_13p6TeV_amcatnloFXFX-pythia8,DY,,,,,,,,,,,,
,reuse above,O,,DYto2Tau-2Jets_Bin-0J-MLL-50_TuneCP5_13p6TeV_amcatnloFXFX-pythia8,DY,,,,,,,,,,,,
,,,DYto2L-2Jets_MLL-50_1J_TuneCP5_13p6TeV_amcatnloFXFX-pythia8,DYto2L-2Jets_Bin-1J-MLL-50_TuneCP5_13p6TeV_amcatnloFXFX-pythia8,DY,,submitted : Submitted with full chain,,,,,,,,,,
,,,DYto2L-2Jets_MLL-50_2J_TuneCP5_13p6TeV_amcatnloFXFX-pythia8,DYto2L-2Jets_Bin-2J-MLL-50_TuneCP5_13p6TeV_amcatnloFXFX-pythia8,DY,,,,,,,,,,,,
,O,O,DYto2Mu_MLL-10to50_TuneCP5_13p6TeV_powheg-pythia8,DYto2Mu_Bin-MLL-10to50_TuneCP5_13p6TeV_powheg-pythia8,DY,"10,50,120,200,400,800,1500,2500,4000,6000","Mass bins : 10, 50, 120, 200, 400, 800, 1500, 2500, 4000, 6000",https://cms-pdmv-prod.web.cern.ch/mcm/requests?prepid=GEN-RunIII2024Summer24wmLHEGS*&dataset_name=DYto*powheg*&page=0&shown=127&limit=100,,,,,,,,,
,O,O,DYto2Mu_MLL-50to120_TuneCP5_13p6TeV_powheg-pythia8,DYto2Mu_Bin-MLL-50to120_TuneCP5_13p6TeV_powheg-pythia8,DY,,,,,,,,,,,,
,O,O,DYto2Mu_MLL-120to200_TuneCP5_13p6TeV_powheg-pythia8,DYto2Mu_Bin-MLL-120to200_TuneCP5_13p6TeV_powheg-pythia8,DY,,,,,,,,,,,,
,O,O,DYto2Mu_MLL-200to400_TuneCP5_13p6TeV_powheg-pythia8,DYto2Mu_Bin-MLL-200to400_TuneCP5_13p6TeV_powheg-pythia8,DY,,,,,,,,,,,,
,O,O,DYto2Mu_MLL-400to800_TuneCP5_13p6TeV_powheg-pythia8,DYto2Mu_Bin-MLL-400to800_TuneCP5_13p6TeV_powheg-pythia8,DY,,,,,,,,,,,,
,O,O,DYto2Mu_MLL-800to1500_TuneCP5_13p6TeV_powheg-pythia8,DYto2Mu_Bin-MLL-800to1500_TuneCP5_13p6TeV_powheg-pythia8,DY,,,,,,,,,,,,
,O,O,DYto2Mu_MLL-1500to2500_TuneCP5_13p6TeV_powheg-pythia8,DYto2Mu_Bin-MLL-1500to2500_TuneCP5_13p6TeV_powheg-pythia8,DY,,,,,,,,,,,,
,O,O,DYto2Mu_MLL-2500to4000_TuneCP5_13p6TeV_powheg-pythia8,DYto2Mu_Bin-MLL-2500to4000_TuneCP5_13p6TeV_powheg-pythia8,DY,,,,,,,,,,,,
,O,O,DYto2Mu_MLL-4000to6000_TuneCP5_13p6TeV_powheg-pythia8,DYto2Mu_Bin-MLL-4000to6000_TuneCP5_13p6TeV_powheg-pythia8,DY,,,,,,,,,,,,
,O,O,DYto2Mu_MLL-6000_TuneCP5_13p6TeV_powheg-pythia8,DYto2Mu_Bin-MLL-6000_TuneCP5_13p6TeV_powheg-pythia8,DY,,,,,,,,,,,,
,,,,,,,,,,,,,,,,,
,O,O,DYto2E_MLL-10to50_TuneCP5_13p6TeV_powheg-pythia8,DYto2E_Bin-MLL-10to50_TuneCP5_13p6TeV_powheg-pythia8,DY,"10,50,120,200,400,800,1500,2500,4000,6000","pt bins : 50, 100, 200, 400, 600, 1000",,,,,,,,,,
,O,O,DYto2E_MLL-50to120_TuneCP5_13p6TeV_powheg-pythia8,DYto2E_Bin-MLL-50to120_TuneCP5_13p6TeV_powheg-pythia8,DY,,,,,,,,,,,,
,O,O,DYto2E_MLL-120to200_TuneCP5_13p6TeV_powheg-pythia8,DYto2E_Bin-MLL-120to200_TuneCP5_13p6TeV_powheg-pythia8,DY,,,,,,,,,,,,
,O,O,DYto2E_MLL-200to400_TuneCP5_13p6TeV_powheg-pythia8,DYto2E_Bin-MLL-200to400_TuneCP5_13p6TeV_powheg-pythia8,DY,,,,,,,,,,,,
,O,O,DYto2E_MLL-400to800_TuneCP5_13p6TeV_powheg-pythia8,DYto2E_Bin-MLL-400to800_TuneCP5_13p6TeV_powheg-pythia8,DY,,,,,,,,,,,,
,O,O,DYto2E_MLL-800to1500_TuneCP5_13p6TeV_powheg-pythia8,DYto2E_Bin-MLL-800to1500_TuneCP5_13p6TeV_powheg-pythia8,DY,,,,,,,,,,,,
,O,O,DYto2E_MLL-1500to2500_TuneCP5_13p6TeV_powheg-pythia8,DYto2E_Bin-MLL-1500to2500_TuneCP5_13p6TeV_powheg-pythia8,DY,,,,,,,,,,,,
,O,O,DYto2E_MLL-2500to4000_TuneCP5_13p6TeV_powheg-pythia8,DYto2E_Bin-MLL-2500to4000_TuneCP5_13p6TeV_powheg-pythia8,DY,,,,,,,,,,,,
,O,O,DYto2E_MLL-4000to6000_TuneCP5_13p6TeV_powheg-pythia8,DYto2E_Bin-MLL-4000to6000_TuneCP5_13p6TeV_powheg-pythia8,DY,,,,,,,,,,,,
,O,O,DYto2E_MLL-6000_TuneCP5_13p6TeV_powheg-pythia8,DYto2E_Bin-MLL-6000_TuneCP5_13p6TeV_powheg-pythia8,DY,,,,,,,,,,,,
,,,,,,,,,,,,,,,,,
,O,O,DYto2Tau_MLL-10to50_TuneCP5_13p6TeV_powheg-pythia8,DYto2Tau_Bin-MLL-10to50_TuneCP5_13p6TeV_powheg-pythia8,DY,"10,50,120,200,400,800,1500,2500,4000,6000",,,,,,,,,,,
,O,O,DYto2Tau_MLL-50to120_TuneCP5_13p6TeV_powheg-pythia8,DYto2Tau_Bin-MLL-50to120_TuneCP5_13p6TeV_powheg-pythia8,DY,,,,,,,,,,,,
,O,O,DYto2Tau_MLL-120to200_TuneCP5_13p6TeV_powheg-pythia8,DYto2Tau_Bin-MLL-120to200_TuneCP5_13p6TeV_powheg-pythia8,DY,,,,,,,,,,,,
,O,O,DYto2Tau_MLL-200to400_TuneCP5_13p6TeV_powheg-pythia8,DYto2Tau_Bin-MLL-200to400_TuneCP5_13p6TeV_powheg-pythia8,DY,,,,,,,,,,,,
,O,O,DYto2Tau_MLL-400to800_TuneCP5_13p6TeV_powheg-pythia8,DYto2Tau_Bin-MLL-400to800_TuneCP5_13p6TeV_powheg-pythia8,DY,,,,,,,,,,,,
,O,O,DYto2Tau_MLL-800to1500_TuneCP5_13p6TeV_powheg-pythia8,DYto2Tau_Bin-MLL-800to1500_TuneCP5_13p6TeV_powheg-pythia8,DY,,,,,,,,,,,,
,O,O,DYto2Tau_MLL-1500to2500_TuneCP5_13p6TeV_powheg-pythia8,DYto2Tau_Bin-MLL-1500to2500_TuneCP5_13p6TeV_powheg-pythia8,DY,,,,,,,,,,,,
,O,O,DYto2Tau_MLL-2500to4000_TuneCP5_13p6TeV_powheg-pythia8,DYto2Tau_Bin-MLL-2500to4000_TuneCP5_13p6TeV_powheg-pythia8,DY,,,,,,,,,,,,
,O,O,DYto2Tau_MLL-4000to6000_TuneCP5_13p6TeV_powheg-pythia8,DYto2Tau_Bin-MLL-4000to6000_TuneCP5_13p6TeV_powheg-pythia8,DY,,,,,,,,,,,,
,O,O,DYto2Tau_MLL-6000_TuneCP5_13p6TeV_powheg-pythia8,DYto2Tau_Bin-MLL-6000_TuneCP5_13p6TeV_powheg-pythia8,DY,,,,,,,,,,,,
,,,,,,,,,,,,,,,,,
,,,DYto2L-4Jets_MLL-4to50_HT-40to70_TuneCP5_13p6TeV_madgraphMLM-pythia8,DYto2L-4Jets_Bin-HT-40to70-MLL-4to50_TuneCP5_13p6TeV_madgraphMLM-pythia8,DY,"40,70,100,400,800,1500,2500","HT bins : 40, 70, 100, 200, 400, 600, 800, 1000, 1200, 1500, 2000, 2500",,,,,,,,,,
,,,DYto2L-4Jets_MLL-4to50_HT-70to100_TuneCP5_13p6TeV_madgraphMLM-pythia8,DYto2L-4Jets_Bin-HT-70to100-MLL-4to50_TuneCP5_13p6TeV_madgraphMLM-pythia8,DY,,,,,,,,,,,,
,,,DYto2L-4Jets_MLL-4to50_HT-100to400_TuneCP5_13p6TeV_madgraphMLM-pythia8,DYto2L-4Jets_Bin-HT-100to400-MLL-4to50_TuneCP5_13p6TeV_madgraphMLM-pythia8,DY,,,,,,,,,,,,
,,,DYto2L-4Jets_MLL-4to50_HT-400to800_TuneCP5_13p6TeV_madgraphMLM-pythia8,DYto2L-4Jets_Bin-HT-400to800-MLL-4to50_TuneCP5_13p6TeV_madgraphMLM-pythia8,DY,,,,,,,,,,,,
,,,DYto2L-4Jets_MLL-4to50_HT-800to1500_TuneCP5_13p6TeV_madgraphMLM-pythia8,DYto2L-4Jets_Bin-HT-800to1500-MLL-4to50_TuneCP5_13p6TeV_madgraphMLM-pythia8,DY,,,,,,,,,,,,
,,,DYto2L-4Jets_MLL-4to50_HT-1500to2500_TuneCP5_13p6TeV_madgraphMLM-pythia8,DYto2L-4Jets_Bin-HT-1500to2500-MLL-4to50_TuneCP5_13p6TeV_madgraphMLM-pythia8,DY,,,,,,,,,,,,
,,,DYto2L-4Jets_MLL-4to50_HT-2500_TuneCP5_13p6TeV_madgraphMLM-pythia8,DYto2L-4Jets_Bin-HT-2500-MLL-4to50_TuneCP5_13p6TeV_madgraphMLM-pythia8,DY,,,,,,,,,,,,
,,,,,,,,,,,,,,,,,
,,,DYto2L-4Jets_MLL-50to120_HT-40to70_TuneCP5_13p6TeV_madgraphMLM-pythia8,DYto2L-4Jets_Bin-HT-40to70-MLL-50to120_TuneCP5_13p6TeV_madgraphMLM-pythia8,DY,"40,70,100,400,800,1500,2500",,,,,,,,,,,
,,,DYto2L-4Jets_MLL-50to120_HT-70to100_TuneCP5_13p6TeV_madgraphMLM-pythia8,DYto2L-4Jets_Bin-HT-70to100-MLL-50to120_TuneCP5_13p6TeV_madgraphMLM-pythia8,DY,,,,,,,,,,,,
,,,DYto2L-4Jets_MLL-50to120_HT-100to400_TuneCP5_13p6TeV_madgraphMLM-pythia8,DYto2L-4Jets_Bin-HT-100to400-MLL-50to120_TuneCP5_13p6TeV_madgraphMLM-pythia8,DY,,,,,,,,,,,,
,,,DYto2L-4Jets_MLL-50to120_HT-400to800_TuneCP5_13p6TeV_madgraphMLM-pythia8,DYto2L-4Jets_Bin-HT-400to800-MLL-50to120_TuneCP5_13p6TeV_madgraphMLM-pythia8,DY,,,,,,,,,,,,
,,,DYto2L-4Jets_MLL-50to120_HT-800to1500_TuneCP5_13p6TeV_madgraphMLM-pythia8,DYto2L-4Jets_Bin-HT-800to1500-MLL-50to120_TuneCP5_13p6TeV_madgraphMLM-pythia8,DY,,,,,,,,,,,,
,,,DYto2L-4Jets_MLL-50to120_HT-1500to2500_TuneCP5_13p6TeV_madgraphMLM-pythia8,DYto2L-4Jets_Bin-HT-1500to2500-MLL-50to120_TuneCP5_13p6TeV_madgraphMLM-pythia8,DY,,,,,,,,,,,,
,,,DYto2L-4Jets_MLL-50to120_HT-2500_TuneCP5_13p6TeV_madgraphMLM-pythia8,DYto2L-4Jets_Bin-HT-2500-MLL-50to120_TuneCP5_13p6TeV_madgraphMLM-pythia8,DY,,,,,,,,,,,,
,,,,,,,,,,,,,,,,,
,,,DYto2L-4Jets_MLL-120_HT-40to70_TuneCP5_13p6TeV_madgraphMLM-pythia8,DYto2L-4Jets_Bin-HT-40to70-MLL-120_TuneCP5_13p6TeV_madgraphMLM-pythia8,DY,"40,70,100,400,800,1500,2500",,,,,,,,,,,
,,,DYto2L-4Jets_MLL-120_HT-70to100_TuneCP5_13p6TeV_madgraphMLM-pythia8,DYto2L-4Jets_Bin-HT-70to100-MLL-120_TuneCP5_13p6TeV_madgraphMLM-pythia8,DY,,,,,,,,,,,,
,,,DYto2L-4Jets_MLL-120_HT-100to400_TuneCP5_13p6TeV_madgraphMLM-pythia8,DYto2L-4Jets_Bin-HT-100to400-MLL-120_TuneCP5_13p6TeV_madgraphMLM-pythia8,DY,,,,,,,,,,,,
,,,DYto2L-4Jets_MLL-120_HT-400to800_TuneCP5_13p6TeV_madgraphMLM-pythia8,DYto2L-4Jets_Bin-HT-400to800-MLL-120_TuneCP5_13p6TeV_madgraphMLM-pythia8,DY,,,,,,,,,,,,
,,,DYto2L-4Jets_MLL-120_HT-800to1500_TuneCP5_13p6TeV_madgraphMLM-pythia8,DYto2L-4Jets_Bin-HT-800to1500-MLL-120_TuneCP5_13p6TeV_madgraphMLM-pythia8,DY,,,,,,,,,,,,
,,,DYto2L-4Jets_MLL-120_HT-1500to2500_TuneCP5_13p6TeV_madgraphMLM-pythia8,DYto2L-4Jets_Bin-HT-1500to2500-MLL-120_TuneCP5_13p6TeV_madgraphMLM-pythia8,DY,,,,,,,,,,,,
,,,DYto2L-4Jets_MLL-120_HT-2500_TuneCP5_13p6TeV_madgraphMLM-pythia8,DYto2L-4Jets_Bin-HT-2500-MLL-120_TuneCP5_13p6TeV_madgraphMLM-pythia8,DY,,,,,,,,,,,,
,,,,,,,,,,,,,,,,,
,o,o,DYto2L-2Jets_MLL-50_PTLL-40to100_1J_TuneCP5_13p6TeV_amcatnloFXFX-pythia8,DYto2L-2Jets_Bin-1J-MLL-50-PTLL-40to100_TuneCP5_13p6TeV_amcatnloFXFX-pythia8,DY,"40,100,200,400,600 / 1J,2J",,,,,,,,,,,
,o,o,DYto2L-2Jets_MLL-50_PTLL-100to200_1J_TuneCP5_13p6TeV_amcatnloFXFX-pythia8,DYto2L-2Jets_Bin-1J-MLL-50-PTLL-100to200_TuneCP5_13p6TeV_amcatnloFXFX-pythia8,DY,,,,,,,,,,,,
,o,o,DYto2L-2Jets_MLL-50_PTLL-200to400_1J_TuneCP5_13p6TeV_amcatnloFXFX-pythia8,DYto2L-2Jets_Bin-1J-MLL-50-PTLL-200to400_TuneCP5_13p6TeV_amcatnloFXFX-pythia8,DY,,,,,,,,,,,,
,o,o,DYto2L-2Jets_MLL-50_PTLL-400to600_1J_TuneCP5_13p6TeV_amcatnloFXFX-pythia8,DYto2L-2Jets_Bin-1J-MLL-50-PTLL-400to600_TuneCP5_13p6TeV_amcatnloFXFX-pythia8,DY,,,,,,,,,,,,
,o,o,DYto2L-2Jets_MLL-50_PTLL-600_1J_TuneCP5_13p6TeV_amcatnloFXFX-pythia8,DYto2L-2Jets_Bin-1J-MLL-50-PTLL-600_TuneCP5_13p6TeV_amcatnloFXFX-pythia8,DY,,,,,,,,,,,,
,,,,,,,,,,,,,,,,,
,o,o,DYto2L-2Jets_MLL-50_PTLL-40to100_2J_TuneCP5_13p6TeV_amcatnloFXFX-pythia8,DYto2L-2Jets_Bin-2J-MLL-50-PTLL-40to100_TuneCP5_13p6TeV_amcatnloFXFX-pythia8,DY,,,,,,,,,,,,
,o,o,DYto2L-2Jets_MLL-50_PTLL-100to200_2J_TuneCP5_13p6TeV_amcatnloFXFX-pythia8,DYto2L-2Jets_Bin-2J-MLL-50-PTLL-100to200_TuneCP5_13p6TeV_amcatnloFXFX-pythia8,DY,,,,,,,,,,,,
,o,o,DYto2L-2Jets_MLL-50_PTLL-200to400_2J_TuneCP5_13p6TeV_amcatnloFXFX-pythia8,DYto2L-2Jets_Bin-2J-MLL-50-PTLL-200to400_TuneCP5_13p6TeV_amcatnloFXFX-pythia8,DY,,,,,,,,,,,,
,o,o,DYto2L-2Jets_MLL-50_PTLL-400to600_2J_TuneCP5_13p6TeV_amcatnloFXFX-pythia8,DYto2L-2Jets_Bin-2J-MLL-50-PTLL-400to600_TuneCP5_13p6TeV_amcatnloFXFX-pythia8,DY,,,,,,,,,,,,
,o,o,DYto2L-2Jets_MLL-50_PTLL-600_2J_TuneCP5_13p6TeV_amcatnloFXFX-pythia8,DYto2L-2Jets_Bin-2J-MLL-50-PTLL-600_TuneCP5_13p6TeV_amcatnloFXFX-pythia8,DY,,,,,,,,,,,,
,,,,,,,,,,,,,,,,,
,,,DYGto2LG-1Jets_MLL-4to50_PTG-10to100_TuneCP5_13p6TeV_amcatnloFXFX-pythia8,DYGto2LG-1Jets_Bin-MLL-4to50-PTG-10to100_TuneCP5_13p6TeV_amcatnloFXFX-pythia8,DY,"10,100,200",,,,,,,,,,,75M
,,,DYGto2LG-1Jets_MLL-4to50_PTG-100to200_TuneCP5_13p6TeV_amcatnloFXFX-pythia8,DYGto2LG-1Jets_Bin-MLL-4to50-PTG-100to200_TuneCP5_13p6TeV_amcatnloFXFX-pythia8,DY,,,,,,,,,,,,
,,,DYGto2LG-1Jets_MLL-4to50_PTG-200_TuneCP5_13p6TeV_amcatnloFXFX-pythia8,DYGto2LG-1Jets_Bin-MLL-4to50-PTG-200_TuneCP5_13p6TeV_amcatnloFXFX-pythia8,DY,,,,,,,,,,,,
,,,,,,,,,,,,,,,,,
,,,DYGto2LG-1Jets_MLL-50_PTG-10to100_TuneCP5_13p6TeV_amcatnloFXFX-pythia8,DYGto2LG-1Jets_Bin-MLL-50-PTG-10to100_TuneCP5_13p6TeV_amcatnloFXFX-pythia8,DY,"10,100,200",,,,,,,,,,,150M
,,,DYGto2LG-1Jets_MLL-50_PTG-100to200_TuneCP5_13p6TeV_amcatnloFXFX-pythia8,DYGto2LG-1Jets_Bin-MLL-50-PTG-100to200_TuneCP5_13p6TeV_amcatnloFXFX-pythia8,DY,,,,,,,,,,,,
,,,DYGto2LG-1Jets_MLL-50_PTG-200_TuneCP5_13p6TeV_amcatnloFXFX-pythia8,DYGto2LG-1Jets_Bin-MLL-50-PTG-200_TuneCP5_13p6TeV_amcatnloFXFX-pythia8,DY,,,,,,,,,,,,
,,,,,,,,,,,,,,,,,
,,,DYBto2LB-4Jets_MLL-50-HT-40to100_TuneCP5_13p6TeV_madgraphMLM-pythia8,DYBto2LB-4Jets_Bin-MLL-50-HT-40to100_TuneCP5_13p6TeV_madgraphMLM-pythia8,DY,"MLL-50,120 / HT-40,100,400,800,1500,2500",,,,,,,,,,,
,,,DYBto2LB-4Jets_MLL-50-HT-100to400_TuneCP5_13p6TeV_madgraphMLM-pythia8,DYBto2LB-4Jets_Bin-MLL-50-HT-100to400_TuneCP5_13p6TeV_madgraphMLM-pythia8,DY,,,,,,,,,,,,
,,,DYBto2LB-4Jets_MLL-50-HT-400to800_TuneCP5_13p6TeV_madgraphMLM-pythia8,DYBto2LB-4Jets_Bin-MLL-50-HT-400to800_TuneCP5_13p6TeV_madgraphMLM-pythia8,DY,,,,,,,,,,,,
,,,DYBto2LB-4Jets_MLL-50-HT-800to1500_TuneCP5_13p6TeV_madgraphMLM-pythia8,DYBto2LB-4Jets_Bin-MLL-50-HT-800to1500_TuneCP5_13p6TeV_madgraphMLM-pythia8,DY,,,,,,,,,,,,
,,,DYBto2LB-4Jets_MLL-50-HT-1500to2500_TuneCP5_13p6TeV_madgraphMLM-pythia8,DYBto2LB-4Jets_Bin-MLL-50-HT-1500to2500_TuneCP5_13p6TeV_madgraphMLM-pythia8,DY,,,,,,,,,,,,
,,,DYBto2LB-4Jets_MLL-50-HT-2500_TuneCP5_13p6TeV_madgraphMLM-pythia8,DYBto2LB-4Jets_Bin-MLL-50-HT-2500_TuneCP5_13p6TeV_madgraphMLM-pythia8,DY,,,,,,,,,,,,
,,,,,,,,,,,,,,,,,
,,,DYBto2LB-4Jets_MLL-120-HT-40to100_TuneCP5_13p6TeV_madgraphMLM-pythia8,DYBto2LB-4Jets_Bin-MLL-120-HT-40to100_TuneCP5_13p6TeV_madgraphMLM-pythia8,DY,,,,,,,,,,,,
,,,DYBto2LB-4Jets_MLL-120-HT-100to400_TuneCP5_13p6TeV_madgraphMLM-pythia8,DYBto2LB-4Jets_Bin-MLL-120-HT-100to400_TuneCP5_13p6TeV_madgraphMLM-pythia8,DY,,,,,,,,,,,,
,,,DYBto2LB-4Jets_MLL-120-HT-400to800_TuneCP5_13p6TeV_madgraphMLM-pythia8,DYBto2LB-4Jets_Bin-MLL-120-HT-400to800_TuneCP5_13p6TeV_madgraphMLM-pythia8,DY,,,,,,,,,,,,
,,,DYBto2LB-4Jets_MLL-120-HT-800to1500_TuneCP5_13p6TeV_madgraphMLM-pythia8,DYBto2LB-4Jets_Bin-MLL-120-HT-800to1500_TuneCP5_13p6TeV_madgraphMLM-pythia8,DY,,,,,,,,,,,,
,,,DYBto2LB-4Jets_MLL-120-HT-1500to2500_TuneCP5_13p6TeV_madgraphMLM-pythia8,DYBto2LB-4Jets_Bin-MLL-120-HT-1500to2500_TuneCP5_13p6TeV_madgraphMLM-pythia8,DY,,,,,,,,,,,,
,,,DYBto2LB-4Jets_MLL-120-HT-2500_TuneCP5_13p6TeV_madgraphMLM-pythia8,DYBto2LB-4Jets_Bin-MLL-120-HT-2500_TuneCP5_13p6TeV_madgraphMLM-pythia8,DY,,,,,,,,,,,,
,,,,,,,,,,,,,,,,,
,,,DYto2L-4Jets_XX-XtoX_BGenFilter_TuneCP5_13p6TeV_madgraphMLM-pythia8,DYto2L-4Jets_Bin-XX-XtoX_Fil-BGen_TuneCP5_13p6TeV_madgraphMLM-pythia8,DY,,,,,,,,,,,,
,,,Z,,,,,,,,,,,,,,
,,,Zto2Nu-4Jets_HT-100to200_TuneCP5_13p6TeV_madgraphMLM-pythia8,Zto2Nu-4Jets_Bin-HT-100to200_TuneCP5_13p6TeV_madgraphMLM-pythia8,Z,"100,200,400,800,1500,2500",,,,,,,,,,,
,,,Zto2Nu-4Jets_HT-200to400_TuneCP5_13p6TeV_madgraphMLM-pythia8,Zto2Nu-4Jets_Bin-HT-200to400_TuneCP5_13p6TeV_madgraphMLM-pythia8,Z,,,,,,,,,,,,
,,,Zto2Nu-4Jets_HT-400to800_TuneCP5_13p6TeV_madgraphMLM-pythia8,Zto2Nu-4Jets_Bin-HT-400to800_TuneCP5_13p6TeV_madgraphMLM-pythia8,Z,,,,,,,,,,,,
,,,Zto2Nu-4Jets_HT-800to1500_TuneCP5_13p6TeV_madgraphMLM-pythia8,Zto2Nu-4Jets_Bin-HT-800to1500_TuneCP5_13p6TeV_madgraphMLM-pythia8,Z,,,,,,,,,,,,
,,,Zto2Nu-4Jets_HT-1500to2500_TuneCP5_13p6TeV_madgraphMLM-pythia8,Zto2Nu-4Jets_Bin-HT-1500to2500_TuneCP5_13p6TeV_madgraphMLM-pythia8,Z,,,,,,,,,,,,
,,,Zto2Nu-4Jets_HT-2500_TuneCP5_13p6TeV_madgraphMLM-pythia8,Zto2Nu-4Jets_Bin-HT-2500_TuneCP5_13p6TeV_madgraphMLM-pythia8,Z,,,,,,,,,,,,
,,,,,,,,,,,,,,,,,
,,,,,,"40,100,200,400,600",,,,,,,,,,,
,,,Zto2Nu-2Jets_1J_PTNuNu-40to100_TuneCP5_13p6TeV_amcatnloFXFX-pythia8,Zto2Nu-2Jets_Bin-1J-PTNuNu-40to100_TuneCP5_13p6TeV_amcatnloFXFX-pythia8,Z,,,,,,,,,,,,
,,,Zto2Nu-2Jets_1J_PTNuNu-100to200_TuneCP5_13p6TeV_amcatnloFXFX-pythia8,Zto2Nu-2Jets_Bin-1J-PTNuNu-100to200_TuneCP5_13p6TeV_amcatnloFXFX-pythia8,Z,,,,,,,,,,,,
,,,Zto2Nu-2Jets_1J_PTNuNu-200to400_TuneCP5_13p6TeV_amcatnloFXFX-pythia8,Zto2Nu-2Jets_Bin-1J-PTNuNu-200to400_TuneCP5_13p6TeV_amcatnloFXFX-pythia8,Z,,,,,,,,,,,,
,,,Zto2Nu-2Jets_1J_PTNuNu-400to600_TuneCP5_13p6TeV_amcatnloFXFX-pythia8,Zto2Nu-2Jets_Bin-1J-PTNuNu-400to600_TuneCP5_13p6TeV_amcatnloFXFX-pythia8,Z,,,,,,,,,,,,
,,,Zto2Nu-2Jets_1J_PTNuNu-600_TuneCP5_13p6TeV_amcatnloFXFX-pythia8,Zto2Nu-2Jets_Bin-1J-PTNuNu-600_TuneCP5_13p6TeV_amcatnloFXFX-pythia8,Z,,,,,,,,,,,,
,,,,,Z,,,,,,,,,,,,
,,,Zto2Nu-2Jets_2J_PTNuNu-40to100_TuneCP5_13p6TeV_amcatnloFXFX-pythia8,Zto2Nu-2Jets_Bin-2J-PTNuNu-40to100_TuneCP5_13p6TeV_amcatnloFXFX-pythia8,Z,,,,,,,,,,,,
,,,Zto2Nu-2Jets_2J_PTNuNu-100to200_TuneCP5_13p6TeV_amcatnloFXFX-pythia8,Zto2Nu-2Jets_Bin-2J-PTNuNu-100to200_TuneCP5_13p6TeV_amcatnloFXFX-pythia8,Z,,,,,,,,,,,,
,,,Zto2Nu-2Jets_2J_PTNuNu-200to400_TuneCP5_13p6TeV_amcatnloFXFX-pythia8,Zto2Nu-2Jets_Bin-2J-PTNuNu-200to400_TuneCP5_13p6TeV_amcatnloFXFX-pythia8,Z,,,,,,,,,,,,
,,,Zto2Nu-2Jets_2J_PTNuNu-400to600_TuneCP5_13p6TeV_amcatnloFXFX-pythia8,Zto2Nu-2Jets_Bin-2J-PTNuNu-400to600_TuneCP5_13p6TeV_amcatnloFXFX-pythia8,Z,,,,,,,,,,,,
,,,Zto2Nu-2Jets_2J_PTNuNu-600_TuneCP5_13p6TeV_amcatnloFXFX-pythia8,Zto2Nu-2Jets_Bin-2J-PTNuNu-600_TuneCP5_13p6TeV_amcatnloFXFX-pythia8,Z,,,,,,,,,,,,
,,,,,,,,,,,,,,,,,
,,,,,,,,,,,,,,,,,
,,,ZBto2NuB-4Jets_HT-XtoX_TuneCP5_13p6TeV_madgraphMLM-pythia8,ZBto2NuB-4Jets_Bin-HT-XtoX_TuneCP5_13p6TeV_madgraphMLM-pythia8,Z,,,,,,,,,,,,
,,,Zto2Nu-4Jets_HT-XtoX_BGenFilter_TuneCP5_13p6TeV_madgraphMLM-pythia8,Zto2Nu-4Jets_Bin-HT-XtoX_Fil-BGen_TuneCP5_13p6TeV_madgraphMLM-pythia8,Z,,,,,,,,,,,,
,,,Zto2Q-4Jets_HT-XtoX_TuneCP5_13p6TeV_madgraphMLM-pythia8,Zto2Q-4Jets_Bin-HT-XtoX_TuneCP5_13p6TeV_madgraphMLM-pythia8,Z,,,,,,,,,,,,
,,,Zto2Q-2Jets_PTQQ-40to100_1J_TuneCP5_13p6TeV_amcatnloFXFX-pythia8,Zto2Q-2Jets_Bin-1J-PTQQ-40to100_TuneCP5_13p6TeV_amcatnloFXFX-pythia8,Z,"40,100,200,400,600",,,,,,,,,,,
,,,Zto2Q-2Jets_PTQQ-100to200_1J_TuneCP5_13p6TeV_amcatnloFXFX-pythia8,Zto2Q-2Jets_Bin-1J-PTQQ-100to200_TuneCP5_13p6TeV_amcatnloFXFX-pythia8,Z,,,,,,,,,,,,
,,,Zto2Q-2Jets_PTQQ-200to400_1J_TuneCP5_13p6TeV_amcatnloFXFX-pythia8,Zto2Q-2Jets_Bin-1J-PTQQ-200to400_TuneCP5_13p6TeV_amcatnloFXFX-pythia8,Z,,,,,,,,,,,,
,,,Zto2Q-2Jets_PTQQ-400to600_1J_TuneCP5_13p6TeV_amcatnloFXFX-pythia8,Zto2Q-2Jets_Bin-1J-PTQQ-400to600_TuneCP5_13p6TeV_amcatnloFXFX-pythia8,Z,,,,,,,,,,,,
,,,Zto2Q-2Jets_PTQQ-600_1J_TuneCP5_13p6TeV_amcatnloFXFX-pythia8,Zto2Q-2Jets_Bin-1J-PTQQ-600_TuneCP5_13p6TeV_amcatnloFXFX-pythia8,Z,,,,,,,,,,,,
,,,,,,,,,,,,,,,,,
,,,Zto2Q-2Jets_PTQQ-40to100_2J_TuneCP5_13p6TeV_amcatnloFXFX-pythia8,Zto2Q-2Jets_Bin-2J-PTQQ-40to100_TuneCP5_13p6TeV_amcatnloFXFX-pythia8,Z,"40,100,200,400,600",,,,,,,,,,,
,,,Zto2Q-2Jets_PTQQ-100to200_2J_TuneCP5_13p6TeV_amcatnloFXFX-pythia8,Zto2Q-2Jets_Bin-2J-PTQQ-100to200_TuneCP5_13p6TeV_amcatnloFXFX-pythia8,Z,,,,,,,,,,,,
,,,Zto2Q-2Jets_PTQQ-200to400_2J_TuneCP5_13p6TeV_amcatnloFXFX-pythia8,Zto2Q-2Jets_Bin-2J-PTQQ-200to400_TuneCP5_13p6TeV_amcatnloFXFX-pythia8,Z,,,,,,,,,,,,
,,,Zto2Q-2Jets_PTQQ-400to600_2J_TuneCP5_13p6TeV_amcatnloFXFX-pythia8,Zto2Q-2Jets_Bin-2J-PTQQ-400to600_TuneCP5_13p6TeV_amcatnloFXFX-pythia8,Z,,,,,,,,,,,,
,,,Zto2Q-2Jets_PTQQ-600_2J_TuneCP5_13p6TeV_amcatnloFXFX-pythia8,Zto2Q-2Jets_Bin-2J-PTQQ-600_TuneCP5_13p6TeV_amcatnloFXFX-pythia8,Z,,,,,,,,,,,,
,,,,,,,,,,,,,,,,,
,,,ZGto2NuG-1Jets_PTG-10to100TuneCP5_13p6TeV_amcatnloFXFX-pythia8,ZGto2NuG-1Jets_Bin-PTG-10to100_TuneCP5_13p6TeV_amcatnloFXFX-pythia8,Z,"10,100,200,400,600",,,,,,,,,,,
,,,ZGto2NuG-1Jets_PTG-100to200TuneCP5_13p6TeV_amcatnloFXFX-pythia8,ZGto2NuG-1Jets_Bin-PTG-100to200_TuneCP5_13p6TeV_amcatnloFXFX-pythia8,Z,,,,,,,,,,,,
,,,ZGto2NuG-1Jets_PTG-200to400TuneCP5_13p6TeV_amcatnloFXFX-pythia8,ZGto2NuG-1Jets_Bin-PTG-200to400_TuneCP5_13p6TeV_amcatnloFXFX-pythia8,Z,,,,,,,,,,,,
,,,ZGto2NuG-1Jets_PTG-400to600TuneCP5_13p6TeV_amcatnloFXFX-pythia8,ZGto2NuG-1Jets_Bin-PTG-400to600_TuneCP5_13p6TeV_amcatnloFXFX-pythia8,Z,,,,,,,,,,,,
,,,ZGto2NuG-1Jets_PTG-600TuneCP5_13p6TeV_amcatnloFXFX-pythia8,ZGto2NuG-1Jets_Bin-PTG-600_TuneCP5_13p6TeV_amcatnloFXFX-pythia8,Z,,,,,,,,,,,,
,,,,,,,,,,,,,,,,,
,,,ZGto2QG-1Jets_PTG-100to200TuneCP5_13p6TeV_amcatnloFXFX-pythia8,ZGto2QG-1Jets_Bin-PTG-100to200_TuneCP5_13p6TeV_amcatnloFXFX-pythia8,Z,"100,200",,,,,,,,,,,
,,,ZGto2QG-1Jets_PTG-200TuneCP5_13p6TeV_amcatnloFXFX-pythia8,ZGto2QG-1Jets_Bin-PTG-200_TuneCP5_13p6TeV_amcatnloFXFX-pythia8,Z,,,,,,,,,,,,
,,,W,,,,,,,,,,,,,,
,,,WtoLNu-4Jets_TuneCP5_13p6TeV_madgraphMLM-pythia8,WtoLNu-4Jets_TuneCP5_13p6TeV_madgraphMLM-pythia8,W,,,,,,,,,,,,
,,,WtoLNu-4Jets_0J_TuneCP5_13p6TeV_madgraphMLM-pythia8,WtoLNu-4Jets_Bin-0J_TuneCP5_13p6TeV_madgraphMLM-pythia8,W,,,,,,,,,,,,
,,,WtoLNu-4Jets_1J_TuneCP5_13p6TeV_madgraphMLM-pythia8,WtoLNu-4Jets_Bin-1J_TuneCP5_13p6TeV_madgraphMLM-pythia8,W,,,,,,,,,,,,
,,,WtoLNu-4Jets_2J_TuneCP5_13p6TeV_madgraphMLM-pythia8,WtoLNu-4Jets_Bin-2J_TuneCP5_13p6TeV_madgraphMLM-pythia8,W,,,,,,,,,,,,
,,,WtoLNu-4Jets_3J_TuneCP5_13p6TeV_madgraphMLM-pythia8,WtoLNu-4Jets_Bin-3J_TuneCP5_13p6TeV_madgraphMLM-pythia8,W,,,,,,,,,,,,
,,,WtoLNu-4Jets_4J_TuneCP5_13p6TeV_madgraphMLM-pythia8,WtoLNu-4Jets_Bin-4J_TuneCP5_13p6TeV_madgraphMLM-pythia8,W,,,,,,,,,,,,
,,,WtoLNu-4Jets_MLNu-120to200_madgraphMLM-pythia8,WtoLNu-4Jets_Bin-MLNu-120to200_TuneCP5_13p6TeV_madgraphMLM-pythia8,W,"120, 200, 400, 800, 1500, 2500, 4000, 6000",,,,,,,,,,,
,,,WtoLNu-4Jets_MLNu-200to400_madgraphMLM-pythia8,WtoLNu-4Jets_Bin-MLNu-200to400_TuneCP5_13p6TeV_madgraphMLM-pythia8,W,,,,,,,,,,,,
,,,WtoLNu-4Jets_MLNu-400to800_madgraphMLM-pythia8,WtoLNu-4Jets_Bin-MLNu-400to800_TuneCP5_13p6TeV_madgraphMLM-pythia8,W,,,,,,,,,,,,
,,,WtoLNu-4Jets_MLNu-800to1500_madgraphMLM-pythia8,WtoLNu-4Jets_Bin-MLNu-800to1500_TuneCP5_13p6TeV_madgraphMLM-pythia8,W,,,,,,,,,,,,
,,,WtoLNu-4Jets_MLNu-1500to2500_madgraphMLM-pythia8,WtoLNu-4Jets_Bin-MLNu-1500to2500_TuneCP5_13p6TeV_madgraphMLM-pythia8,W,,,,,,,,,,,,
,,,WtoLNu-4Jets_MLNu-2500to4000_madgraphMLM-pythia8,WtoLNu-4Jets_Bin-MLNu-2500to4000_TuneCP5_13p6TeV_madgraphMLM-pythia8,W,,,,,,,,,,,,
,,,WtoLNu-4Jets_MLNu-4000to6000_madgraphMLM-pythia8,WtoLNu-4Jets_Bin-MLNu-4000to6000_TuneCP5_13p6TeV_madgraphMLM-pythia8,W,,,,,,,,,,,,
,,,WtoLNu-4Jets_MLNu-6000_madgraphMLM-pythia8,WtoLNu-4Jets_Bin-MLNu-6000_TuneCP5_13p6TeV_madgraphMLM-pythia8,W,,,,,,,,,,,,
,,,,,,,,,,,,,,,,,
,O,,WtoLNu-2Jets_TuneCP5_13p6TeV_amcatnloFXFX-pythia8,WtoLNu-2Jets_TuneCP5_13p6TeV_amcatnloFXFX-pythia8,W,,,,,,,,,,,,300M
,reuse above,O,,WtoENu-2Jets_TuneCP5_13p6TeV_amcatnloFXFX-pythia8,W,,,https://cms-pdmv-prod.web.cern.ch/mcm/requests?prepid=GEN-RunIII2024Summer24wmLHEGS*&dataset_name=Wto*Nu-2Jets_TuneCP5*&page=0&shown=127&limit=100,,,,,,,,,
,reuse above,O,,WtoMuNu-2Jets_TuneCP5_13p6TeV_amcatnloFXFX-pythia8,W,,,,,,,,,,,,
,reuse above,O,,WtoTauNu-2Jets_TuneCP5_13p6TeV_amcatnloFXFX-pythia8,W,,,,,,,,,,,,
,O,,WtoLNu-2Jets_0J_TuneCP5_13p6TeV_amcatnloFXFX-pythia8,WtoLNu-2Jets_Bin-0J_TuneCP5_13p6TeV_amcatnloFXFX-pythia8,W,,,,,,,,,,,,
,reuse above,O,,WtoENu-2Jets_Bin-0J_TuneCP5_13p6TeV_amcatnloFXFX-pythia8,W,,,https://cms-pdmv-prod.web.cern.ch/mcm/requests?dataset_name=Wto*Nu-2Jets_Bin-0J_TuneCP5_13p6TeV_amcatnloFXFX-pythia8&page=0&shown=127,,,,,,,,,
,reuse above,O,,WtoMuNu-2Jets_Bin-0J_TuneCP5_13p6TeV_amcatnloFXFX-pythia8,W,,,,,,,,,,,,
,reuse above,O,,WtoTauNu-2Jets_Bin-0J_TuneCP5_13p6TeV_amcatnloFXFX-pythia8,W,,,,,,,,,,,,
,,,WtoLNu-2Jets_1J_TuneCP5_13p6TeV_amcatnloFXFX-pythia8,WtoLNu-2Jets_Bin-1J_TuneCP5_13p6TeV_amcatnloFXFX-pythia8,W,,,,,,,,,,,,
,,,WtoLNu-2Jets_2J_TuneCP5_13p6TeV_amcatnloFXFX-pythia8,WtoLNu-2Jets_Bin-2J_TuneCP5_13p6TeV_amcatnloFXFX-pythia8,W,,,,,,,,,,,,
,,,WtoLNu-4Jets_MLNu-0to120_HT-40to100_TuneCP5_13p6TeV_madgraphMLM-pythia8,WtoLNu-4Jets_Bin-HT-40to100-MLNu-0to120_TuneCP5_13p6TeV_madgraphMLM-pythia8,W,"40,100,400,800,1500,2500",,,,,,,,,,,
,,,WtoLNu-4Jets_MLNu-0to120_HT-100to400_TuneCP5_13p6TeV_madgraphMLM-pythia8,WtoLNu-4Jets_Bin-HT-100to400-MLNu-0to120_TuneCP5_13p6TeV_madgraphMLM-pythia8,W,,,,,,,,,,,,
,,,WtoLNu-4Jets_MLNu-0to120_HT-400to800_TuneCP5_13p6TeV_madgraphMLM-pythia8,WtoLNu-4Jets_Bin-HT-400to800-MLNu-0to120_TuneCP5_13p6TeV_madgraphMLM-pythia8,W,,,,,,,,,,,,
,,,WtoLNu-4Jets_MLNu-0to120_HT-800to1500_TuneCP5_13p6TeV_madgraphMLM-pythia8,WtoLNu-4Jets_Bin-HT-800to1500-MLNu-0to120_TuneCP5_13p6TeV_madgraphMLM-pythia8,W,,,,,,,,,,,,
,,,WtoLNu-4Jets_MLNu-0to120_HT-1500to2500_TuneCP5_13p6TeV_madgraphMLM-pythia8,WtoLNu-4Jets_Bin-HT-1500to2500-MLNu-0to120_TuneCP5_13p6TeV_madgraphMLM-pythia8,W,,,,,,,,,,,,
,,,WtoLNu-4Jets_MLNu-0to120_HT-2500_TuneCP5_13p6TeV_madgraphMLM-pythia8,WtoLNu-4Jets_Bin-HT-2500-MLNu-0to120_TuneCP5_13p6TeV_madgraphMLM-pythia8,W,,,,,,,,,,,,
,,,,,,,,,,,,,,,,,
,,,WtoLNu-4Jets_MLNu-120_HT-40to100_TuneCP5_13p6TeV_madgraphMLM-pythia8,WtoLNu-4Jets_Bin-HT-40to100-MLNu-120_TuneCP5_13p6TeV_madgraphMLM-pythia8,W,"40,100,400,800,1500,2500",,,,,,,,,,,
,,,WtoLNu-4Jets_MLNu-120_HT-100to400_TuneCP5_13p6TeV_madgraphMLM-pythia8,WtoLNu-4Jets_Bin-HT-100to400-MLNu-120_TuneCP5_13p6TeV_madgraphMLM-pythia8,W,,,,,,,,,,,,
,,,WtoLNu-4Jets_MLNu-120_HT-400to800_TuneCP5_13p6TeV_madgraphMLM-pythia8,WtoLNu-4Jets_Bin-HT-400to800-MLNu-120_TuneCP5_13p6TeV_madgraphMLM-pythia8,W,,,,,,,,,,,,
,,,WtoLNu-4Jets_MLNu-120_HT-800to1500_TuneCP5_13p6TeV_madgraphMLM-pythia8,WtoLNu-4Jets_Bin-HT-800to1500-MLNu-120_TuneCP5_13p6TeV_madgraphMLM-pythia8,W,,,,,,,,,,,,
,,,WtoLNu-4Jets_MLNu-120_HT-1500to2500_TuneCP5_13p6TeV_madgraphMLM-pythia8,WtoLNu-4Jets_Bin-HT-1500to2500-MLNu-120_TuneCP5_13p6TeV_madgraphMLM-pythia8,W,,,,,,,,,,,,
,,,WtoLNu-4Jets_MLNu-120_HT-2500_TuneCP5_13p6TeV_madgraphMLM-pythia8,WtoLNu-4Jets_Bin-HT-2500-MLNu-120_TuneCP5_13p6TeV_madgraphMLM-pythia8,W,,,,,,,,,,,,
,,,,,,,,,,,,,,,,,
,,,WtoLNu-2Jets_PTLNu-XXtoXX_XXJ_TuneCP5_13p6TeV_amcatnloFXFX-pythia8,WtoLNu-2Jets_Bin-XXJ-PTLNu-XXtoXX_TuneCP5_13p6TeV_amcatnloFXFX-pythia8,W,"40,100,200,400,600 / 1J,2J",,,,,,,,,,,
,o,o,WtoLNu-2Jets_PTLNu-40to100_1J_TuneCP5_13p6TeV_amcatnloFXFX-pythia8,WtoLNu-2Jets_Bin-1J-PTLNu-40to100_TuneCP5_13p6TeV_amcatnloFXFX-pythia8,W,,,,,,,,,,,,
,o,o,WtoLNu-2Jets_PTLNu-100to200_1J_TuneCP5_13p6TeV_amcatnloFXFX-pythia8,WtoLNu-2Jets_Bin-1J-PTLNu-100to200_TuneCP5_13p6TeV_amcatnloFXFX-pythia8,W,,,,,,,,,,,,
,o,o,WtoLNu-2Jets_PTLNu-200to400_1J_TuneCP5_13p6TeV_amcatnloFXFX-pythia8,WtoLNu-2Jets_Bin-1J-PTLNu-200to400_TuneCP5_13p6TeV_amcatnloFXFX-pythia8,W,,,,,,,,,,,,
,o,o,WtoLNu-2Jets_PTLNu-400to600_1J_TuneCP5_13p6TeV_amcatnloFXFX-pythia8,WtoLNu-2Jets_Bin-1J-PTLNu-400to600_TuneCP5_13p6TeV_amcatnloFXFX-pythia8,W,,,,,,,,,,,,
,o,o,WtoLNu-2Jets_PTLNu-600_1J_TuneCP5_13p6TeV_amcatnloFXFX-pythia8,WtoLNu-2Jets_Bin-1J-PTLNu-600_TuneCP5_13p6TeV_amcatnloFXFX-pythia8,W,,,,,,,,,,,,
,,,,,,,,,,,,,,,,,
,o,o,WtoLNu-2Jets_PTLNu-40to100_2J_TuneCP5_13p6TeV_amcatnloFXFX-pythia8,WtoLNu-2Jets_Bin-2J-PTLNu-40to100_TuneCP5_13p6TeV_amcatnloFXFX-pythia8,W,,,,,,,,,,,,
,o,o,WtoLNu-2Jets_PTLNu-100to200_2J_TuneCP5_13p6TeV_amcatnloFXFX-pythia8,WtoLNu-2Jets_Bin-2J-PTLNu-100to200_TuneCP5_13p6TeV_amcatnloFXFX-pythia8,W,,,,,,,,,,,,
,o,o,WtoLNu-2Jets_PTLNu-200to400_2J_TuneCP5_13p6TeV_amcatnloFXFX-pythia8,WtoLNu-2Jets_Bin-2J-PTLNu-200to400_TuneCP5_13p6TeV_amcatnloFXFX-pythia8,W,,,,,,,,,,,,
,o,o,WtoLNu-2Jets_PTLNu-400to600_2J_TuneCP5_13p6TeV_amcatnloFXFX-pythia8,WtoLNu-2Jets_Bin-2J-PTLNu-400to600_TuneCP5_13p6TeV_amcatnloFXFX-pythia8,W,,,,,,,,,,,,
,o,o,WtoLNu-2Jets_PTLNu-600_2J_TuneCP5_13p6TeV_amcatnloFXFX-pythia8,WtoLNu-2Jets_Bin-2J-PTLNu-600_TuneCP5_13p6TeV_amcatnloFXFX-pythia8,W,,,,,,,,,,,,
,,,,,,,,,,,,,,,,,
,,,Wto2Q-2Jets_PTQQ-XXtoXX_XXJ_TuneCP5_13p6TeV_amcatnloFXFX-pythia8,Wto2Q-2Jets_Bin-XXJ-PTQQ-XXtoXX_TuneCP5_13p6TeV_amcatnloFXFX-pythia8,W,"40,100,200,400,600 / 1J,2J",,,,,,,,,,,
,,,WGtoLNuG-1Jets_PTG-10to100TuneCP5_13p6TeV_amcatnloFXFX-pythia8,WGtoLNuG-1Jets_Bin-PTG-10to100_TuneCP5_13p6TeV_amcatnloFXFX-pythia8,W,"10,100,200,400,600",,,,,,,,,,,150M
,,,WGtoLNuG-1Jets_PTG-100to200TuneCP5_13p6TeV_amcatnloFXFX-pythia8,WGtoLNuG-1Jets_Bin-PTG-100to200_TuneCP5_13p6TeV_amcatnloFXFX-pythia8,W,,,,,,,,,,,,
,,,WGtoLNuG-1Jets_PTG-200to400TuneCP5_13p6TeV_amcatnloFXFX-pythia8,WGtoLNuG-1Jets_Bin-PTG-200to400_TuneCP5_13p6TeV_amcatnloFXFX-pythia8,W,,,,,,,,,,,,
,,,WGtoLNuG-1Jets_PTG-400to600TuneCP5_13p6TeV_amcatnloFXFX-pythia8,WGtoLNuG-1Jets_Bin-PTG-400to600_TuneCP5_13p6TeV_amcatnloFXFX-pythia8,W,,,,,,,,,,,,
,,,WGtoLNuG-1Jets_PTG-600TuneCP5_13p6TeV_amcatnloFXFX-pythia8,WGtoLNuG-1Jets_Bin-PTG-600_TuneCP5_13p6TeV_amcatnloFXFX-pythia8,W,,,,,,,,,,,,
,,,,,,,,,,,,,,,,,
,,,WGto2QG-1Jets_PTG-100to200TuneCP5_13p6TeV_amcatnloFXFX-pythia8,WGto2QG-1Jets_Bin-PTG-100to200_TuneCP5_13p6TeV_amcatnloFXFX-pythia8,W,"100,200",,,,,,,,,,,
,,,WGto2QG-1Jets_PTG-200TuneCP5_13p6TeV_amcatnloFXFX-pythia8,WGto2QG-1Jets_Bin-PTG-200_TuneCP5_13p6TeV_amcatnloFXFX-pythia8,W,,,,,,,,,,,,
,,,,,,,,,,,,,,,,,
,,,WBtoLNuB-4Jets_XX-XtoX_TuneCP5_13p6TeV_madgraphMLM-pythia8,WBtoLNuB-4Jets_Bin-XX-XtoX_TuneCP5_13p6TeV_madgraphMLM-pythia8,W,,,,,,,,,,,,
,,,WtoLNu-4Jets_XX-XtoX_BGenFilter_TuneCP5_13p6TeV_madgraphMLM-pythia8,WtoLNu-4Jets_Bin-XX-XtoX_Fil-BGen_TuneCP5_13p6TeV_madgraphMLM-pythia8,W,,,,,,,,,,,,
,,,TT+X,,,,,,,,,,,,,,
,O,O,TTto2L2Nu-3Jets_TuneCP5_13p6TeV_madgraphMLM-pythia8,TTto2L2Nu-3Jets_TuneCP5_13p6TeV_madgraphMLM-pythia8,TT,,,,,,,,,,,,90M
,O,O,TTtoLplusNu2Q-3Jets_TuneCP5_13p6TeV_madgraphMLM-pythia8,TTtoLplusNu2Q-3Jets_TuneCP5_13p6TeV_madgraphMLM-pythia8,TT,,,,,,,,,,,,120M
,O,O,TTtoLminusNu2Q-3Jets_TuneCP5_13p6TeV_madgraphMLM-pythia8,TTtoLminusNu2Q-3Jets_TuneCP5_13p6TeV_madgraphMLM-pythia8,TT,,,,,,,,,,,,120M
,O,O,TTto4Q-3Jets_TuneCP5_13p6TeV_madgraphMLM-pythia8,TTto4Q-3Jets_TuneCP5_13p6TeV_madgraphMLM-pythia8,TT,,,,,,,,,,,,150M
,,,TTto2L2Nu-2Jets_TuneCP5_13p6TeV_amcatnloFXFX-pythia8,TTto2L2Nu-2Jets_TuneCP5_13p6TeV_amcatnloFXFX-pythia8,TT,,,,,,,,,,,,
,,,TTtoLplusNu2Q-2Jets_TuneCP5_13p6TeV_amcatnloFXFX-pythia8,TTtoLplusNu2Q-2Jets_TuneCP5_13p6TeV_amcatnloFXFX-pythia8,TT,,,,,,,,,,,,
,,,TTtoLminusNu2Q-2Jets_TuneCP5_13p6TeV_amcatnloFXFX-pythia8,TTtoLminusNu2Q-2Jets_TuneCP5_13p6TeV_amcatnloFXFX-pythia8,TT,,,,,,,,,,,,
,,,TTto4Q-2Jets_TuneCP5_13p6TeV_amcatnloFXFX-pythia8,TTto4Q-2Jets_TuneCP5_13p6TeV_amcatnloFXFX-pythia8,TT,,,,,,,,,,,,
,,,TTtoLNu2Q_TuneCP5_13p6TeV_powheg-pythia8,TTtoLNu2Q_TuneCP5_13p6TeV_powheg-pythia8,TT,,,,,,,,,,,,
,,,TTto4Q_TuneCP5_13p6TeV_powheg-pythia8,TTto4Q_TuneCP5_13p6TeV_powheg-pythia8,TT,,,,,,,,,,,,
,,,TTto2L2Nu_TuneCP5_13p6TeV_powheg-pythia8,TTto2L2Nu_TuneCP5_13p6TeV_powheg-pythia8,TT,,,,,,,,,,,,
,,,TTtoLNu2Q_Hdamp-158_TuneCP5_13p6TeV_powheg-pythia8,TTtoLNu2Q_Par-Hdamp-158_TuneCP5_13p6TeV_powheg-pythia8,TT,"158, 418",,,,,,,,,,,
,,,TTtoLNu2Q_Hdamp-418_TuneCP5_13p6TeV_powheg-pythia8,TTtoLNu2Q_Par-Hdamp-418_TuneCP5_13p6TeV_powheg-pythia8,TT,,,,,,,,,,,,
,,,,,,,,,,,,,,,,,
,,,TTto4Q_Hdamp-158_TuneCP5_13p6TeV_powheg-pythia8,TTto4Q_Par-Hdamp-158_TuneCP5_13p6TeV_powheg-pythia8,TT,"158, 418",,,,,,,,,,,
,,,TTto4Q_Hdamp-418_TuneCP5_13p6TeV_powheg-pythia8,TTto4Q_Par-Hdamp-418_TuneCP5_13p6TeV_powheg-pythia8,TT,,,,,,,,,,,,
,,,,,,,,,,,,,,,,,
,,,TTto2L2Nu_Hdamp-158_TuneCP5_13p6TeV_powheg-pythia8,TTto2L2Nu_Par-Hdamp-158_TuneCP5_13p6TeV_powheg-pythia8,TT,"158, 418",,,,,,,,,,,
,,,TTto2L2Nu_Hdamp-418_TuneCP5_13p6TeV_powheg-pythia8,TTto2L2Nu_Par-Hdamp-418_TuneCP5_13p6TeV_powheg-pythia8,TT,,,,,,,,,,,,
,,,,,,,,,,,,,,,,,
,,,TTtoLNu2Q_MT-166p5_TuneCP5_13p6TeV_powheg-pythia8,TTtoLNu2Q_Par-MT-166p5_TuneCP5_13p6TeV_powheg-pythia8,TT,"166.5, 169.5, 171.5, 173.5, 175.5, 178.5",,,,,,,,,,,
,,,TTtoLNu2Q_MT-169p5_TuneCP5_13p6TeV_powheg-pythia8,TTtoLNu2Q_Par-MT-169p5_TuneCP5_13p6TeV_powheg-pythia8,TT,,,,,,,,,,,,
,,,TTtoLNu2Q_MT-171p5_TuneCP5_13p6TeV_powheg-pythia8,TTtoLNu2Q_Par-MT-171p5_TuneCP5_13p6TeV_powheg-pythia8,TT,,,,,,,,,,,,
,,,TTtoLNu2Q_MT-173p5_TuneCP5_13p6TeV_powheg-pythia8,TTtoLNu2Q_Par-MT-173p5_TuneCP5_13p6TeV_powheg-pythia8,TT,,,,,,,,,,,,
,,,TTtoLNu2Q_MT-175p5_TuneCP5_13p6TeV_powheg-pythia8,TTtoLNu2Q_Par-MT-175p5_TuneCP5_13p6TeV_powheg-pythia8,TT,,,,,,,,,,,,
,,,TTtoLNu2Q_MT-178p5_TuneCP5_13p6TeV_powheg-pythia8,TTtoLNu2Q_Par-MT-178p5_TuneCP5_13p6TeV_powheg-pythia8,TT,,,,,,,,,,,,
,,,,,,,,,,,,,,,,,
,,,TTto4Q_MT-166p5_TuneCP5_13p6TeV_powheg-pythia8,TTto4Q_Par-MT-166p5_TuneCP5_13p6TeV_powheg-pythia8,TT,"166.5, 169.5, 171.5, 173.5, 175.5, 178.5",,,,,,,,,,,
,,,TTto4Q_MT-169p5_TuneCP5_13p6TeV_powheg-pythia8,TTto4Q_Par-MT-169p5_TuneCP5_13p6TeV_powheg-pythia8,TT,,,,,,,,,,,,
,,,TTto4Q_MT-171p5_TuneCP5_13p6TeV_powheg-pythia8,TTto4Q_Par-MT-171p5_TuneCP5_13p6TeV_powheg-pythia8,TT,,,,,,,,,,,,
,,,TTto4Q_MT-173p5_TuneCP5_13p6TeV_powheg-pythia8,TTto4Q_Par-MT-173p5_TuneCP5_13p6TeV_powheg-pythia8,TT,,,,,,,,,,,,
,,,TTto4Q_MT-175p5_TuneCP5_13p6TeV_powheg-pythia8,TTto4Q_Par-MT-175p5_TuneCP5_13p6TeV_powheg-pythia8,TT,,,,,,,,,,,,
,,,TTto4Q_MT-178p5_TuneCP5_13p6TeV_powheg-pythia8,TTto4Q_Par-MT-178p5_TuneCP5_13p6TeV_powheg-pythia8,TT,,,,,,,,,,,,
,,,,,,,,,,,,,,,,,
,,,TTto2L2Nu_MT-166p5_TuneCP5_13p6TeV_powheg-pythia8,TTto2L2Nu_Par-MT-166p5_TuneCP5_13p6TeV_powheg-pythia8,TT,"166.5, 169.5, 171.5, 173.5, 175.5, 178.5",,,,,,,,,,,
,,,TTto2L2Nu_MT-169p5_TuneCP5_13p6TeV_powheg-pythia8,TTto2L2Nu_Par-MT-169p5_TuneCP5_13p6TeV_powheg-pythia8,TT,,,,,,,,,,,,
,,,TTto2L2Nu_MT-171p5_TuneCP5_13p6TeV_powheg-pythia8,TTto2L2Nu_Par-MT-171p5_TuneCP5_13p6TeV_powheg-pythia8,TT,,,,,,,,,,,,
,,,TTto2L2Nu_MT-173p5_TuneCP5_13p6TeV_powheg-pythia8,TTto2L2Nu_Par-MT-173p5_TuneCP5_13p6TeV_powheg-pythia8,TT,,,,,,,,,,,,
,,,TTto2L2Nu_MT-175p5_TuneCP5_13p6TeV_powheg-pythia8,TTto2L2Nu_Par-MT-175p5_TuneCP5_13p6TeV_powheg-pythia8,TT,,,,,,,,,,,,
,,,TTto2L2Nu_MT-178p5_TuneCP5_13p6TeV_powheg-pythia8,TTto2L2Nu_Par-MT-178p5_TuneCP5_13p6TeV_powheg-pythia8,TT,,,,,,,,,,,,
,,,,,,,,,,,,,,,,,
,,,TTtoLNu2Q_TuneCP5CR1_13p6TeV_powheg-pythia8,TTtoLNu2Q_TuneCP5CR1_13p6TeV_powheg-pythia8,TT,,,,,,,,,,,,
,,,TTto4Q_TuneCP5CR1_13p6TeV_powheg-pythia8,TTto4Q_TuneCP5CR1_13p6TeV_powheg-pythia8,TT,,,,,,,,,,,,
,,,TTto2L2Nu_TuneCP5CR1_13p6TeV_powheg-pythia8,TTto2L2Nu_TuneCP5CR1_13p6TeV_powheg-pythia8,TT,,,,,,,,,,,,
,,,TTtoLNu2Q_TuneCP5CR2_13p6TeV_powheg-pythia8,TTtoLNu2Q_TuneCP5CR2_13p6TeV_powheg-pythia8,TT,,,,,,,,,,,,
,,,TTto4Q_TuneCP5CR2_13p6TeV_powheg-pythia8,TTto4Q_TuneCP5CR2_13p6TeV_powheg-pythia8,TT,,,,,,,,,,,,
,,,TTto2L2Nu_TuneCP5CR2_13p6TeV_powheg-pythia8,TTto2L2Nu_TuneCP5CR2_13p6TeV_powheg-pythia8,TT,,,,,,,,,,,,
,,,TTtoLNu2Q_TuneCP5Up_13p6TeV_powheg-pythia8,TTtoLNu2Q_TuneCP5Up_13p6TeV_powheg-pythia8,TT,,,,,,,,,,,,
,,,TTto4Q_TuneCP5Up_13p6TeV_powheg-pythia8,TTto4Q_TuneCP5Up_13p6TeV_powheg-pythia8,TT,,,,,,,,,,,,
,,,TTto2L2Nu_TuneCP5Up_13p6TeV_powheg-pythia8,TTto2L2Nu_TuneCP5Up_13p6TeV_powheg-pythia8,TT,,,,,,,,,,,,
,,,TTtoLNu2Q_TuneCP5Down_13p6TeV_powheg-pythia8,TTtoLNu2Q_TuneCP5Down_13p6TeV_powheg-pythia8,TT,,,,,,,,,,,,
,,,TTto4Q_TuneCP5Down_13p6TeV_powheg-pythia8,TTto4Q_TuneCP5Down_13p6TeV_powheg-pythia8,TT,,,,,,,,,,,,
,,,TTto2L2Nu_TuneCP5Down_13p6TeV_powheg-pythia8,TTto2L2Nu_TuneCP5Down_13p6TeV_powheg-pythia8,TT,,,,,,,,,,,,
,,,TTtoLNu2Q_TuneCP5_ERDOn_13p6TeV_powheg-pythia8,TTtoLNu2Q_Par-ERD-on_TuneCP5_13p6TeV_powheg-pythia8,TT,,,,,,,,,,,,
,,,TTto4Q_TuneCP5_ERDOn_13p6TeV_powheg-pythia8,TTto4Q_Par-ERD-on_TuneCP5_13p6TeV_powheg-pythia8,TT,,,,,,,,,,,,
,,,TTto2L2Nu_TuneCP5_ERDOn_13p6TeV_powheg-pythia8,TTto2L2Nu_Par-ERD-on_TuneCP5_13p6TeV_powheg-pythia8,TT,,,,,,,,,,,,
,,,TT_MTT-1500toInf_TuneCP5_13p6TeV_powheg-pythia8,TT_Bin-MTT-1500toInf_TuneCP5_13p6TeV_powheg-pythia8,TT,,,,,,,,,,,,
,,,TTLNu-1Jets_TuneCP5_13p6TeV_amcatnloFXFX-pythia8 (ttW),TTLNu-1Jets_TuneCP5_13p6TeV_amcatnloFXFX-pythia8 (ttW),TT,,,,,,,,,,,,3M
,,,TTLL_MLL-4to50_TuneCP5_13p6TeV_amcatnlo-pythia8 ,TTLL_Bin-MLL-4to50_TuneCP5_13p6TeV_amcatnlo-pythia8 ,TT,"4, 50",,,,,,,,,,,3M
,,,TTLL_MLL-50_TuneCP5_13p6TeV_amcatnlo-pythia8 ,TTLL_Bin-MLL-50_TuneCP5_13p6TeV_amcatnlo-pythia8 ,TT,,,,,,,,,,,,
,,,,,,,,,,,,,,,,,
,,,TTG_PTG-10to100_TuneCP5_13p6TeV_amcatnloFXFX-pythia8,TTG_Bin-PTG-10to100_TuneCP5_13p6TeV_amcatnloFXFX-pythia8,TT,"(10,100), (100,200), (>200)",,,,,,,,,,,
,,,TTG_PTG-100to200_TuneCP5_13p6TeV_amcatnloFXFX-pythia8,TTG_Bin-PTG-100to200_TuneCP5_13p6TeV_amcatnloFXFX-pythia8,TT,,,,,,,,,,,,
,,,TTG_PTG-200_TuneCP5_13p6TeV_amcatnloFXFX-pythia8,TTG_Bin-PTG-200_TuneCP5_13p6TeV_amcatnloFXFX-pythia8,TT,,,,,,,,,,,,
,,,,,,,,,,,,,,,,,
check 3.6,,,TZQB-Zto2L-4FS_MLL-4to50_TuneCP5_13p6TeV_amcatnlo-pythia8 ,TZQB-Zto2L-4FS_Bin-MLL-4to50_TuneCP5_13p6TeV_amcatnlo-pythia8 ,,"4,50",,,,,,,,,,,
check 3.6,,,TZQB-Zto2L-4FS_MLL-50_TuneCP5_13p6TeV_amcatnlo-pythia8 ,TZQB-Zto2L-4FS_Bin-MLL-50_TuneCP5_13p6TeV_amcatnlo-pythia8 ,,,,,,,,,,,,,
,,,,,,,,,,,,,,,,,
,,,SingleT,,,,,,,,,,,,,,
,,,TBbartoLplusNuBbar-s-channel-4FS_TuneCP5_13p6TeV_amcatnlo-pythia8,TBbartoLplusNuBbar-s-channel-4FS_TuneCP5_13p6TeV_amcatnlo-pythia8,SingleT,,,,,,,,,,,,5M
,,,TbarBtoLminusNuB-s-channel-4FS_TuneCP5_13p6TeV_amcatnlo-pythia8,TbarBtoLminusNuB-s-channel-4FS_TuneCP5_13p6TeV_amcatnlo-pythia8,SingleT,,,,,,,,,,,,2.5M
,,,TBbartoLNu-s-channel_TuneCP5_13p6TeV_powheg-pythia8 ,TBbartoLNu-s-channel_TuneCP5_13p6TeV_powheg-pythia8 ,SingleT,,,,,,,,,,,,
,,,TbarBtoLNu-s-channel_TuneCP5_13p6TeV_powheg-pythia8 ,TbarBtoLNu-s-channel_TuneCP5_13p6TeV_powheg-pythia8 ,SingleT,,,,,,,,,,,,
,,,TQbartoLNu-t-channel_TuneCP5_13p6TeV_powheg-pythia8 ,TQbartoLNu-t-channel_TuneCP5_13p6TeV_powheg-pythia8 ,SingleT,,,,,,,,,,,,
,,,TbarQtoLNu-t-channel_TuneCP5_13p6TeV_powheg-pythia8 ,TbarQtoLNu-t-channel_TuneCP5_13p6TeV_powheg-pythia8 ,SingleT,,,,,,,,,,,,
,,,TBbarto2Q-s-channel_TuneCP5_13p6TeV_powheg-pythia8 ,TBbarto2Q-s-channel_TuneCP5_13p6TeV_powheg-pythia8 ,SingleT,,,,,,,,,,,,
,,,TbarBto2Q-s-channel_TuneCP5_13p6TeV_powheg-pythia8 ,TbarBto2Q-s-channel_TuneCP5_13p6TeV_powheg-pythia8 ,SingleT,,,,,,,,,,,,
,,,TQbarto2Q-t-channel_TuneCP5_13p6TeV_powheg-pythia8 ,TQbarto2Q-t-channel_TuneCP5_13p6TeV_powheg-pythia8 ,SingleT,,,,,,,,,,,,
,,,TbarQto2Q-t-channel_TuneCP5_13p6TeV_powheg-pythia8 ,TbarQto2Q-t-channel_TuneCP5_13p6TeV_powheg-pythia8 ,SingleT,,,,,,,,,,,,
,,,TbarWplustoLNu2Q_TuneCP5_13p6TeV_powheg-pythia8,TbarWplustoLNu2Q_TuneCP5_13p6TeV_powheg-pythia8,SingleT,,,,,,,,,,,,
,,,TWminustoLNu2Q_TuneCP5_13p6TeV_powheg-pythia8,TWminustoLNu2Q_TuneCP5_13p6TeV_powheg-pythia8,SingleT,,,,,,,,,,,,
,,,TbarWplusto2L2Nu_TuneCP5_13p6TeV_powheg-pythia8,TbarWplusto2L2Nu_TuneCP5_13p6TeV_powheg-pythia8,SingleT,,,,,,,,,,,,
,,,TWminusto2L2Nu_TuneCP5_13p6TeV_powheg-pythia8,TWminusto2L2Nu_TuneCP5_13p6TeV_powheg-pythia8,SingleT,,,,,,,,,,,,
,,,TbarWplusto4Q_TuneCP5_13p6TeV_powheg-pythia8,TbarWplusto4Q_TuneCP5_13p6TeV_powheg-pythia8,SingleT,,,,,,,,,,,,
,,,TWminusto4Q_TuneCP5_13p6TeV_powheg-pythia8,TWminusto4Q_TuneCP5_13p6TeV_powheg-pythia8,SingleT,,,,,,,,,,,,
,,,TWto2L2Nu-DR1_TuneCP5_13p6TeV_amcatnlo-pythia8 ,,SingleT,,,,,,,,,,,,
,,,TWto2L2Nu-DR2_TuneCP5_13p6TeV_amcatnlo-pythia8 ,,SingleT,,,,,,,,,,,,
,,,TWto2L2Nu-DS-FS-BW_TuneCP5_13p6TeV_amcatnlo-pythia8 ,,SingleT,,,,,,,,,,,,
,,,TWto2L2Nu-DS-FS_TuneCP5_13p6TeV_amcatnlo-pythia8 ,,SingleT,,,,,,,,,,,,
,,,TWto2L2Nu-DS-IS-BW_TuneCP5_13p6TeV_amcatnlo-pythia8 ,,SingleT,,,,,,,,,,,,
,,,TWto2L2Nu-DS-IS-BW_TuneCP5_13p6TeV_amcatnlo-pythia8 ,,SingleT,,,,,,,,,,,,
,,,WW,,,,,,,,,,,,,,
,,,WWtoLNu2Q-1Jets-4FS_TuneCP5_13p6TeV_amcatnloFXFX-pythia8,WWtoLNu2Q-1Jets-4FS_TuneCP5_13p6TeV_amcatnloFXFX-pythia8,WW,,,,,,,,,,,,
,,,WWto4Q-1Jets-4FS_TuneCP5_13p6TeV_amcatnloFXFX-pythia8,WWto4Q-1Jets-4FS_TuneCP5_13p6TeV_amcatnloFXFX-pythia8,WW,,,,,,,,,,,,
,,,WWtoLNu2Q_TuneCP5_13p6TeV_powheg-pythia8,WWtoLNu2Q_TuneCP5_13p6TeV_powheg-pythia8,WW,,,,,,,,,,,,
,,,WWto2L2Nu_TuneCP5_13p6TeV_powheg-pythia8,WWto2L2Nu_TuneCP5_13p6TeV_powheg-pythia8,WW,,,,,,,,,,,,
,,,WWto4Q_TuneCP5_13p6TeV_powheg-pythia8,WWto4Q_TuneCP5_13p6TeV_powheg-pythia8,WW,,,,,,,,,,,,
,,,WW_TuneCP5_13p6TeV_pythia8,WW_TuneCP5_13p6TeV_pythia8,WW,,,,,,,,,,,,
,,,WZ,,,,,,,,,,,,,,
,,,WZ_TuneCP5_13p6TeV_pythia8,WZ_TuneCP5_13p6TeV_pythia8,WZ,,,,,,,,,,,,
,,,WZtoLNu2Q-1Jets-4FS_TuneCP5_13p6TeV_amcatnloFXFX-pythia8,WZtoLNu2Q-1Jets-4FS_TuneCP5_13p6TeV_amcatnloFXFX-pythia8,WZ,,,,,,,,,,,,
,,,WZto2L2Q-1Jets_TuneCP5_13p6TeV_amcatnloFXFX-pythia8,WZto2L2Q-1Jets_TuneCP5_13p6TeV_amcatnloFXFX-pythia8,WZ,,,,,,,,,,,,
,,,WZtoL3Nu-1Jets-4FS_TuneCP5_13p6TeV_amcatnloFXFX-pythia8,WZtoL3Nu-1Jets-4FS_TuneCP5_13p6TeV_amcatnloFXFX-pythia8,WZ,,,,,,,,,,,,
,,,WZto3LNu-1Jets-4FS_TuneCP5_13p6TeV_amcatnloFXFX-pythia8,WZto3LNu-1Jets-4FS_TuneCP5_13p6TeV_amcatnloFXFX-pythia8,WZ,,,,,,,,,,,,
,,,WZto4Q-1Jets-4FS_TuneCP5_13p6TeV_amcatnloFXFX-pythia8,WZto4Q-1Jets-4FS_TuneCP5_13p6TeV_amcatnloFXFX-pythia8,WZ,,,,,,,,,,,,
,,,WZtoLNu2Q_TuneCP5_13p6TeV_powheg-pythia8,WZtoLNu2Q_TuneCP5_13p6TeV_powheg-pythia8,WZ,,,,,,,,,,,,
,,,WZto2L2Q_TuneCP5_13p6TeV_powheg-pythia8,WZto2L2Q_TuneCP5_13p6TeV_powheg-pythia8,WZ,,,,,,,,,,,,
,,,WZtoL3Nu_TuneCP5_13p6TeV_powheg-pythia8,WZtoL3Nu_TuneCP5_13p6TeV_powheg-pythia8,WZ,,,,,,,,,,,,
,,,WZto3LNu_TuneCP5_13p6TeV_powheg-pythia8,WZto3LNu_TuneCP5_13p6TeV_powheg-pythia8,WZ,,,,,,,,,,,,
,,,WZto4Q_TuneCP5_13p6TeV_powheg-pythia8,WZto4Q_TuneCP5_13p6TeV_powheg-pythia8,WZ,,,,,,,,,,,,
,,,ZZ,,,,,,,,,,,,,,
,,,ZZto2L2Q_TuneCP5_13p6TeV_powheg-pythia8,ZZto2L2Q_TuneCP5_13p6TeV_powheg-pythia8,ZZ,,,,,,,,,,,,
,,,ZZto2L2Nu_TuneCP5_13p6TeV_powheg-pythia8,ZZto2L2Nu_TuneCP5_13p6TeV_powheg-pythia8,ZZ,,,,,,,,,,,,
,,,ZZto4L_TuneCP5_13p6TeV_powheg-pythia8,ZZto4L_TuneCP5_13p6TeV_powheg-pythia8,ZZ,,,,,,,,,,,,
,,,ZZto2Nu2Q_TuneCP5_13p6TeV_powheg-pythia8,ZZto2Nu2Q_TuneCP5_13p6TeV_powheg-pythia8,ZZ,,,,,,,,,,,,
,,,ZZto4Q_TuneCP5_13p6TeV_powheg-pythia8,ZZto4Q_TuneCP5_13p6TeV_powheg-pythia8,ZZ,,,,,,,,,,,,
,,,ZZto2L2Q-1Jets_TuneCP5_13p6TeV_amcatnloFXFX-pythia8,ZZto2L2Q-1Jets_TuneCP5_13p6TeV_amcatnloFXFX-pythia8,ZZ,,,,,,,,,,,,
,,,ZZto4L-1Jets_TuneCP5_13p6TeV_amcatnloFXFX-pythia8,ZZto4L-1Jets_TuneCP5_13p6TeV_amcatnloFXFX-pythia8,ZZ,,,,,,,,,,,,
,,,ZZto2Nu2Q-1Jets_TuneCP5_13p6TeV_amcatnloFXFX-pythia8,ZZto2Nu2Q-1Jets_TuneCP5_13p6TeV_amcatnloFXFX-pythia8,ZZ,,,,,,,,,,,,
,,,ZZto4Q-1Jets_TuneCP5_13p6TeV_amcatnloFXFX-pythia8,ZZto4Q-1Jets_TuneCP5_13p6TeV_amcatnloFXFX-pythia8,ZZ,,,,,,,,,,,,
,,,ZZ_TuneCP5_13p6TeV_pythia8,ZZ_TuneCP5_13p6TeV_pythia8,ZZ,,,,,,,,,,,,
,,,QCD,,,,,,,,,,,,,,
,,,QCD-4Jets_HT-40to70_TuneCP5_13p6TeV_madgraphMLM-pythia8,QCD-4Jets_Bin-HT-40to70_TuneCP5_13p6TeV_madgraphMLM-pythia8,QCD,"40, 70, 100, 200, 400, 600, 800, 1000, 1200, 1500, 2000",,,,,,,,,,,
,,,QCD-4Jets_HT-70to100_TuneCP5_13p6TeV_madgraphMLM-pythia8,QCD-4Jets_Bin-HT-70to100_TuneCP5_13p6TeV_madgraphMLM-pythia8,QCD,,,,,,,,,,,,
,,,QCD-4Jets_HT-100to200_TuneCP5_13p6TeV_madgraphMLM-pythia8,QCD-4Jets_Bin-HT-100to200_TuneCP5_13p6TeV_madgraphMLM-pythia8,QCD,,,,,,,,,,,,
,,,QCD-4Jets_HT-200to400_TuneCP5_13p6TeV_madgraphMLM-pythia8,QCD-4Jets_Bin-HT-200to400_TuneCP5_13p6TeV_madgraphMLM-pythia8,QCD,,,,,,,,,,,,
,,,QCD-4Jets_HT-400to600_TuneCP5_13p6TeV_madgraphMLM-pythia8,QCD-4Jets_Bin-HT-400to600_TuneCP5_13p6TeV_madgraphMLM-pythia8,QCD,,,,,,,,,,,,
,,,QCD-4Jets_HT-600to800_TuneCP5_13p6TeV_madgraphMLM-pythia8,QCD-4Jets_Bin-HT-600to800_TuneCP5_13p6TeV_madgraphMLM-pythia8,QCD,,,,,,,,,,,,
,,,QCD-4Jets_HT-800to1000_TuneCP5_13p6TeV_madgraphMLM-pythia8,QCD-4Jets_Bin-HT-800to1000_TuneCP5_13p6TeV_madgraphMLM-pythia8,QCD,,,,,,,,,,,,
,,,QCD-4Jets_HT-1000to1200_TuneCP5_13p6TeV_madgraphMLM-pythia8,QCD-4Jets_Bin-HT-1000to1200_TuneCP5_13p6TeV_madgraphMLM-pythia8,QCD,,,,,,,,,,,,
,,,QCD-4Jets_HT-1200to1500_TuneCP5_13p6TeV_madgraphMLM-pythia8,QCD-4Jets_Bin-HT-1200to1500_TuneCP5_13p6TeV_madgraphMLM-pythia8,QCD,,,,,,,,,,,,
,,,QCD-4Jets_HT-1500to2000_TuneCP5_13p6TeV_madgraphMLM-pythia8,QCD-4Jets_Bin-HT-1500to2000_TuneCP5_13p6TeV_madgraphMLM-pythia8,QCD,,,,,,,,,,,,
,,,QCD-4Jets_HT-2000_TuneCP5_13p6TeV_madgraphMLM-pythia8,QCD-4Jets_Bin-HT-2000_TuneCP5_13p6TeV_madgraphMLM-pythia8,QCD,,,,,,,,,,,,
,,,,,,,,,,,,,,,,,
,,,QCD-4Jets_HT-XtoX_TuneCP5_13p6TeV_madgraphMLM-herwig7,QCD-4Jets_Bin-HT-XtoX_TuneCP5_13p6TeV_madgraphMLM-herwig7,QCD,,,,,,,,,,,,700M
,,,QCDB-4Jets_HT-40to100_TuneCP5_13p6TeV_madgraphMLM-pythia8,QCDB-4Jets_Bin-HT-40to100_TuneCP5_13p6TeV_madgraphMLM-pythia8,QCD,"40, 100, 200, 400, 600, 800, 1000, 1500, 2000",,,,,,,,,,,
,,,QCDB-4Jets_HT-100to200_TuneCP5_13p6TeV_madgraphMLM-pythia8,QCDB-4Jets_Bin-HT-100to200_TuneCP5_13p6TeV_madgraphMLM-pythia8,QCD,,,,,,,,,,,,
,,,QCDB-4Jets_HT-200to400_TuneCP5_13p6TeV_madgraphMLM-pythia8,QCDB-4Jets_Bin-HT-200to400_TuneCP5_13p6TeV_madgraphMLM-pythia8,QCD,,,,,,,,,,,,
,,,QCDB-4Jets_HT-400to600_TuneCP5_13p6TeV_madgraphMLM-pythia8,QCDB-4Jets_Bin-HT-400to600_TuneCP5_13p6TeV_madgraphMLM-pythia8,QCD,,,,,,,,,,,,
,,,QCDB-4Jets_HT-600to800_TuneCP5_13p6TeV_madgraphMLM-pythia8,QCDB-4Jets_Bin-HT-600to800_TuneCP5_13p6TeV_madgraphMLM-pythia8,QCD,,,,,,,,,,,,
,,,QCDB-4Jets_HT-800to1000_TuneCP5_13p6TeV_madgraphMLM-pythia8,QCDB-4Jets_Bin-HT-800to1000_TuneCP5_13p6TeV_madgraphMLM-pythia8,QCD,,,,,,,,,,,,
,,,QCDB-4Jets_HT-1000to1500_TuneCP5_13p6TeV_madgraphMLM-pythia8,QCDB-4Jets_Bin-HT-1000to1500_TuneCP5_13p6TeV_madgraphMLM-pythia8,QCD,,,,,,,,,,,,
,,,QCDB-4Jets_HT-1500to2000_TuneCP5_13p6TeV_madgraphMLM-pythia8,QCDB-4Jets_Bin-HT-1500to2000_TuneCP5_13p6TeV_madgraphMLM-pythia8,QCD,,,,,,,,,,,,
,,,QCDB-4Jets_HT-2000_TuneCP5_13p6TeV_madgraphMLM-pythia8,QCDB-4Jets_Bin-HT-2000_TuneCP5_13p6TeV_madgraphMLM-pythia8,QCD,,,,,,,,,,,,
,,,,,,,,,,,,,,,,,
,,,QCD-4Jets_HT-XtoX_BGenFilter_TuneCP5_13p6TeV_madgraphMLM-pythia8,QCD-4Jets_Bin-HT-XtoX_Fil-BGen_TuneCP5_13p6TeV_madgraphMLM-pythia8,QCD,,,,,,,,,,,,
,,,QCD-4Jets_HT-XtoX_MuEnriched_TuneCP5_13p6TeV_madgraphMLM-pythia8,QCD-4Jets_Bin-HT-XtoX_Fil-MuEnriched_TuneCP5_13p6TeV_madgraphMLM-pythia8,QCD,,,,,,,,,,,,
,,,QCD-4Jets_HT-XtoX_EMEnriched_TuneCP5_13p6TeV_madgraphMLM-pythia8,QCD-4Jets_Bin-HT-XtoX_Fil-EMEnriched_TuneCP5_13p6TeV_madgraphMLM-pythia8,QCD,,,,,,,,,,,,
,,,VBF,,,,,,,,,,,,,,
,O,O,VBFto2L_MLL-50_TuneCP5_13p6TeV_madgraph-pythia8,VBFto2L_Bin-MLL-50_TuneCP5_13p6TeV_madgraph-pythia8,VBF,,,https://cms-pdmv-prod.web.cern.ch/mcm/requests?dataset_name=VBF*&prepid=GEN*RunIII2024Summer24wmLHE*&page=0&shown=4398046773311,,,,,,,,,
,O,O,VBFtoLNu_TuneCP5_13p6TeV_madgraph-pythia8,VBFtoLNu_TuneCP5_13p6TeV_madgraph-pythia8,VBF,,,,,,,,,,,,
,O,O,VBFto2Nu_TuneCP5_13p6TeV_madgraph-pythia8,VBFto2Nu_TuneCP5_13p6TeV_madgraph-pythia8,VBF,,,,,,,,,,,,
,O,O,VBFtoG_PTG-10to100_TuneCP5_13p6TeV_madgraph-pythia8,VBFtoG_Bin-PTG-10to100_TuneCP5_13p6TeV_madgraph-pythia8,VBF,"10,100,200",,,,,,,,,,,
,O,O,VBFtoG_PTG-100to200_TuneCP5_13p6TeV_madgraph-pythia8,VBFtoG_Bin-PTG-100to200_TuneCP5_13p6TeV_madgraph-pythia8,VBF,,,,,,,,,,,,
,O,O,VBFtoG_PTG-200_TuneCP5_13p6TeV_madgraph-pythia8,VBFtoG_Bin-PTG-200_TuneCP5_13p6TeV_madgraph-pythia8,VBF,,,,,,,,,,,,
,,,,,,,,,,,,,,,,,
,O,O,VBFWto2Q_TuneCP5_13p6TeV_madgraph-pythia8,VBFWto2Q_TuneCP5_13p6TeV_madgraph-pythia8,VBF,,,,,,,,,,,,
,O,O,VBFZto2Q_TuneCP5_13p6TeV_madgraph-pythia8,VBFZto2Q_TuneCP5_13p6TeV_madgraph-pythia8,VBF,,,,,,,,,,,,
,,,,,,,,,,,,,,,,,
,,,Others,,,,,,,,,,,,,,
,,,VVto2L2Nu-1Jets-4FS_MLL-4to50_TuneCP5_13p6TeV_amcatnloFXFX-pythia8,VVto2L2Nu-1Jets-4FS_Bin-MLL-4to50_TuneCP5_13p6TeV_amcatnloFXFX-pythia8,Others,"4,50",,,,,,,,,,,
,,,VVto2L2Nu-1Jets-4FS_MLL-50_TuneCP5_13p6TeV_amcatnloFXFX-pythia8,VVto2L2Nu-1Jets-4FS_Bin-MLL-50_TuneCP5_13p6TeV_amcatnloFXFX-pythia8,Others,,,,,,,,,,,,
,,,,,,,,,,,,,,,,,
,,,GJ-4Jets_HT-40to70_TuneCP5_13p6TeV_madgraphMLM-pythia8,GJ-4Jets_Bin-HT-40to70_TuneCP5_13p6TeV_madgraphMLM-pythia8,Others,"40, 70, 100, 200, 400, 600",,,,,,,,,,,180M
,,,GJ-4Jets_HT-70to100_TuneCP5_13p6TeV_madgraphMLM-pythia8,GJ-4Jets_Bin-HT-70to100_TuneCP5_13p6TeV_madgraphMLM-pythia8,Others,,,,,,,,,,,,
,,,GJ-4Jets_HT-100to200_TuneCP5_13p6TeV_madgraphMLM-pythia8,GJ-4Jets_Bin-HT-100to200_TuneCP5_13p6TeV_madgraphMLM-pythia8,Others,,,,,,,,,,,,
,,,GJ-4Jets_HT-200to400_TuneCP5_13p6TeV_madgraphMLM-pythia8,GJ-4Jets_Bin-HT-200to400_TuneCP5_13p6TeV_madgraphMLM-pythia8,Others,,,,,,,,,,,,
,,,GJ-4Jets_HT-400to600_TuneCP5_13p6TeV_madgraphMLM-pythia8,GJ-4Jets_Bin-HT-400to600_TuneCP5_13p6TeV_madgraphMLM-pythia8,Others,,,,,,,,,,,,
,,,GJ-4Jets_HT-600_TuneCP5_13p6TeV_madgraphMLM-pythia8,GJ-4Jets_Bin-HT-600_TuneCP5_13p6TeV_madgraphMLM-pythia8,Others,,,,,,,,,,,,
,,,,,,,,,,,,,,,,,
,,,GJ_PTG-40to100_TuneCP5_13p6TeV_amcatnlo-pythia8,GJ_Bin-PTG-40to100_TuneCP5_13p6TeV_amcatnlo-pythia8,Others,"40, 100, 200, 400, 600",,,,,,,,,,,
,O,O,GJ_PTG-100to200_TuneCP5_13p6TeV_amcatnlo-pythia8,GJ_Bin-PTG-100to200_TuneCP5_13p6TeV_amcatnlo-pythia8,Others,,,https://cms-pdmv-prod.web.cern.ch/mcm/requests?prepid=GEN-RunIII2024Summer24wmLHEGS*&dataset_name=GJ_Bin-PTG*&page=0&shown=4398046773375,,,,,,,,,
,O,O,GJ_PTG-200to400_TuneCP5_13p6TeV_amcatnlo-pythia8,GJ_Bin-PTG-200to400_TuneCP5_13p6TeV_amcatnlo-pythia8,Others,,,,,,,,,,,,
,O,O,GJ_PTG-400to600_TuneCP5_13p6TeV_amcatnlo-pythia8,GJ_Bin-PTG-400to600_TuneCP5_13p6TeV_amcatnlo-pythia8,Others,,,,,,,,,,,,
,O,O,GJ_PTG-600_TuneCP5_13p6TeV_amcatnlo-pythia8,GJ_Bin-PTG-600_TuneCP5_13p6TeV_amcatnlo-pythia8,Others,,,,,,,,,,,,
,,,,,,,,,,,,,,,,,
,O,O,GJ-4Jets_dRGJ-0p25_PTG-10to100_HT-40to100_TuneCP5_13p6TeV_madgraphMLM-pythia8,GJ-4Jets_Bin-HT-40to100-PTG-10to100_Par-dRGJ-0p25_TuneCP5_13p6TeV_madgraphMLM-pythia8,Others,"40, 100, 200, 400, 600, 1000",,https://cms-pdmv-prod.web.cern.ch/mcm/requests?page=0&prepid=GEN-RunIII2024Summer24wmLHEGS*&dataset_name=GJ-4Jets_Bin-HT*&shown=63,,,,,,,,,
,O,O,GJ-4Jets_dRGJ-0p25_PTG-10to100_HT-100to200_TuneCP5_13p6TeV_madgraphMLM-pythia8,GJ-4Jets_Bin-HT-100to200-PTG-10to100_Par-dRGJ-0p25_TuneCP5_13p6TeV_madgraphMLM-pythia8,Others,,,,,,,,,,,,
,O,O,GJ-4Jets_dRGJ-0p25_PTG-10to100_HT-200to400_TuneCP5_13p6TeV_madgraphMLM-pythia8,GJ-4Jets_Bin-HT-200to400-PTG-10to100_Par-dRGJ-0p25_TuneCP5_13p6TeV_madgraphMLM-pythia8,Others,,,,,,,,,,,,
,O,O,GJ-4Jets_dRGJ-0p25_PTG-10to100_HT-400to600_TuneCP5_13p6TeV_madgraphMLM-pythia8,GJ-4Jets_Bin-HT-400to600-PTG-10to100_Par-dRGJ-0p25_TuneCP5_13p6TeV_madgraphMLM-pythia8,Others,,,,,,,,,,,,
,O,O,GJ-4Jets_dRGJ-0p25_PTG-10to100_HT-600to1000_TuneCP5_13p6TeV_madgraphMLM-pythia8,GJ-4Jets_Bin-HT-600to1000-PTG-10to100_Par-dRGJ-0p25_TuneCP5_13p6TeV_madgraphMLM-pythia8,Others,,,,,,,,,,,,
,O,O,GJ-4Jets_dRGJ-0p25_PTG-10to100_HT-1000_TuneCP5_13p6TeV_madgraphMLM-pythia8,GJ-4Jets_Bin-HT-1000-PTG-10to100_Par-dRGJ-0p25_TuneCP5_13p6TeV_madgraphMLM-pythia8,Others,,,,,,,,,,,,
,,,,,,,,,,,,,,,,,
,O,O,GJ-4Jets_dRGJ-0p25_PTG-100to200_HT-40to200_TuneCP5_13p6TeV_madgraphMLM-pythia8,GJ-4Jets_Bin-HT-40to200-PTG-100to200_Par-dRGJ-0p25_TuneCP5_13p6TeV_madgraphMLM-pythia8,Others,"40, 200, 400, 600, 1000",,,,,,,,,,,
,O,O,GJ-4Jets_dRGJ-0p25_PTG-100to200_HT-200to400_TuneCP5_13p6TeV_madgraphMLM-pythia8,GJ-4Jets_Bin-HT-200to400-PTG-100to200_Par-dRGJ-0p25_TuneCP5_13p6TeV_madgraphMLM-pythia8,Others,,,,,,,,,,,,
,O,O,GJ-4Jets_dRGJ-0p25_PTG-100to200_HT-400to600_TuneCP5_13p6TeV_madgraphMLM-pythia8,GJ-4Jets_Bin-HT-400to600-PTG-100to200_Par-dRGJ-0p25_TuneCP5_13p6TeV_madgraphMLM-pythia8,Others,,,,,,,,,,,,
,O,O,GJ-4Jets_dRGJ-0p25_PTG-100to200_HT-600to1000_TuneCP5_13p6TeV_madgraphMLM-pythia8,GJ-4Jets_Bin-HT-600to1000-PTG-100to200_Par-dRGJ-0p25_TuneCP5_13p6TeV_madgraphMLM-pythia8,Others,,,,,,,,,,,,
,O,O,GJ-4Jets_dRGJ-0p25_PTG-100to200_HT-1000_TuneCP5_13p6TeV_madgraphMLM-pythia8,GJ-4Jets_Bin-HT-1000-PTG-100to200_Par-dRGJ-0p25_TuneCP5_13p6TeV_madgraphMLM-pythia8,Others,,,,,,,,,,,,
,,,,,,,,,,,,,,,,,
,O,O,GJ-4Jets_dRGJ-0p25_PTG-200_HT-40to400_TuneCP5_13p6TeV_madgraphMLM-pythia8,GJ-4Jets_Bin-HT-40to400-PTG-200_Par-dRGJ-0p25_TuneCP5_13p6TeV_madgraphMLM-pythia8,Others,"40, 400, 600, 1000",,,,,,,,,,,
,O,O,GJ-4Jets_dRGJ-0p25_PTG-200_HT-400to600_TuneCP5_13p6TeV_madgraphMLM-pythia8,GJ-4Jets_Bin-HT-400to600-PTG-200_Par-dRGJ-0p25_TuneCP5_13p6TeV_madgraphMLM-pythia8,Others,,,,,,,,,,,,
,O,O,GJ-4Jets_dRGJ-0p25_PTG-200_HT-600to1000_TuneCP5_13p6TeV_madgraphMLM-pythia8,GJ-4Jets_Bin-HT-600to1000-PTG-200_Par-dRGJ-0p25_TuneCP5_13p6TeV_madgraphMLM-pythia8,Others,,,,,,,,,,,,
,O,O,GJ-4Jets_dRGJ-0p25_PTG-200_HT-1000_TuneCP5_13p6TeV_madgraphMLM-pythia8,GJ-4Jets_Bin-HT-1000-PTG-200_Par-dRGJ-0p25_TuneCP5_13p6TeV_madgraphMLM-pythia8,Others,,,,,,,,,,,,
,,,,,,,,,,,,,,,,,
,,,,,,,,,,,,,,,,,
,,,Need to be added,,,,,,,,,,,,,,
,,,"TT MET binned, MLL binned",,,,,,,,,,,,,,
,,,AJJ NLO,,,,,,,,,,,,,,
,,,ZGto2NuG,,,,,,,,,,,,,,